patient_id,age,sex,diabetes_duration_years,bmi,baseline_hba1c,baseline_systolic_bp,baseline_adherence_pct,intervention,followup_hba1c,followup_systolic_bp,followup_adherence_pct,followup_days,hba1c_change,systolic_bp_change,adherence_change
P0001,34,Female,10.4,26.8,7.69,146.0,41.0,AI_Assisted,7.85,137.0,50.9,110,0.16,-9.0,9.9
P0002,65,Female,14.4,26.4,9.37,140.0,64.5,Control,9.87,132.0,70.6,123,0.5,-8.0,6.1
P0003,60,Female,6.2,32.0,7.55,161.0,84.4,Control,7.02,161.0,91.9,168,-0.53,0.0,7.5
P0004,50,Male,7.0,32.2,8.15,140.0,67.4,AI_Assisted,7.5,138.0,69.0,162,-0.65,-2.0,1.6
P0005,49,Male,12.4,26.1,6.5,128.0,62.0,Control,6.6,125.0,59.2,117,0.1,-3.0,-2.8
P0006,69,Female,8.1,26.7,9.05,136.0,51.9,Control,9.12,151.0,58.4,112,0.07,15.0,6.5
P0007,33,Male,11.3,30.9,10.53,120.0,91.4,AI_Assisted,9.82,105.0,100.0,133,-0.71,-15.0,8.6
P0008,62,Female,7.4,24.8,9.07,146.0,49.6,Control,9.32,142.0,50.2,150,0.25,-4.0,0.6
P0009,39,Male,4.0,26.7,9.95,149.0,54.1,Control,9.75,144.0,55.6,101,-0.2,-5.0,1.5
P0010,34,Male,11.4,28.9,7.18,177.0,73.6,Control,7.02,168.0,73.1,154,-0.16,-9.0,-0.5
P0011,54,Male,2.8,33.0,8.48,131.0,37.2,Control,7.74,134.0,44.6,176,-0.74,3.0,7.4
P0012,74,Female,3.8,25.8,7.07,136.0,84.1,AI_Assisted,6.79,122.0,85.9,165,-0.28,-14.0,1.8
P0013,63,Male,9.8,20.2,7.93,131.0,74.4,AI_Assisted,7.03,120.0,88.9,137,-0.9,-11.0,14.5
P0014,65,Male,11.5,19.9,9.13,143.0,78.5,AI_Assisted,8.35,129.0,84.9,115,-0.78,-14.0,6.4
P0015,63,Male,13.5,22.8,8.32,146.0,73.4,Control,8.2,137.0,84.5,115,-0.12,-9.0,11.1
P0016,66,Male,4.8,22.6,6.5,139.0,62.6,AI_Assisted,5.56,119.0,68.9,155,-0.94,-20.0,6.3
P0017,53,Male,2.6,27.8,6.62,156.0,49.1,AI_Assisted,5.89,147.0,56.4,128,-0.73,-9.0,7.3
P0018,35,Female,14.4,23.2,6.54,131.0,62.9,Control,6.62,135.0,72.7,94,0.08,4.0,9.8
P0019,68,Male,3.2,25.3,8.79,155.0,50.4,AI_Assisted,8.17,152.0,63.4,149,-0.62,-3.0,13.0
P0020,50,Female,3.8,25.0,10.68,148.0,72.3,AI_Assisted,9.92,147.0,86.1,97,-0.76,-1.0,13.8
P0021,53,Female,5.1,26.5,9.83,140.0,77.1,AI_Assisted,8.99,138.0,86.7,179,-0.84,-2.0,9.6
P0022,47,Male,8.4,34.5,6.5,135.0,87.2,Control,6.02,137.0,89.8,124,-0.48,2.0,2.6
P0023,38,Male,13.4,31.5,9.91,176.0,70.6,Control,9.25,187.0,79.2,117,-0.66,11.0,8.6
P0024,72,Female,11.6,28.6,9.32,128.0,78.9,AI_Assisted,8.38,120.0,89.9,89,-0.94,-8.0,11.0
P0025,65,Male,10.9,26.4,6.5,144.0,60.5,AI_Assisted,5.67,135.0,69.8,100,-0.83,-9.0,9.3
P0026,59,Male,3.5,26.6,7.84,129.0,57.8,Control,7.61,127.0,69.6,175,-0.23,-2.0,11.8
P0027,48,Female,6.0,30.0,9.51,167.0,72.1,Control,8.56,176.0,64.0,136,-0.95,9.0,-8.1
P0028,67,Female,7.7,31.1,8.86,153.0,59.2,AI_Assisted,8.06,147.0,69.4,171,-0.8,-6.0,10.2
P0029,55,Female,3.1,24.4,6.63,130.0,69.0,Control,6.84,123.0,69.9,176,0.21,-7.0,0.9
P0030,50,Male,4.8,28.7,8.93,148.0,49.1,Control,8.57,150.0,57.9,88,-0.36,2.0,8.8
P0031,50,Female,5.3,19.4,6.5,144.0,51.8,AI_Assisted,5.96,130.0,54.7,120,-0.54,-14.0,2.9
P0032,40,Female,2.8,29.5,7.93,132.0,74.5,Control,8.1,134.0,82.3,165,0.17,2.0,7.8
P0033,34,Male,8.7,31.9,9.57,151.0,78.3,Control,9.65,152.0,74.5,132,0.08,1.0,-3.8
P0034,55,Female,10.9,27.2,8.22,146.0,50.2,Control,8.38,143.0,57.5,133,0.16,-3.0,7.3
P0035,70,Male,2.0,36.7,7.6,143.0,75.1,AI_Assisted,5.85,138.0,83.1,139,-1.75,-5.0,8.0
P0036,32,Male,7.7,24.5,9.27,139.0,57.0,Control,9.68,127.0,51.6,152,0.41,-12.0,-5.4
P0037,69,Male,12.0,29.5,9.37,146.0,65.2,AI_Assisted,8.95,144.0,74.5,175,-0.42,-2.0,9.3
P0038,68,Male,11.5,28.3,9.77,143.0,86.3,AI_Assisted,9.99,132.0,98.0,170,0.22,-11.0,11.7
P0039,42,Male,12.4,28.0,9.25,141.0,77.1,AI_Assisted,8.35,154.0,90.5,144,-0.9,13.0,13.4
P0040,59,Female,7.3,28.0,9.5,130.0,76.9,AI_Assisted,8.25,126.0,85.9,139,-1.25,-4.0,9.0
P0041,37,Female,12.5,29.0,9.08,165.0,93.6,AI_Assisted,7.91,152.0,92.6,119,-1.17,-13.0,-1.0
P0042,64,Female,4.4,32.3,8.52,124.0,54.4,Control,8.22,112.0,59.2,95,-0.3,-12.0,4.8
P0043,62,Female,6.1,34.7,8.31,146.0,50.2,AI_Assisted,7.62,149.0,70.5,152,-0.69,3.0,20.3
P0044,46,Female,3.5,28.5,7.92,135.0,54.2,AI_Assisted,7.97,121.0,58.7,84,0.05,-14.0,4.5
P0045,33,Male,7.5,32.2,6.75,166.0,61.2,AI_Assisted,6.39,154.0,78.3,151,-0.36,-12.0,17.1
P0046,74,Male,6.5,25.3,7.05,126.0,29.7,Control,6.77,126.0,37.7,132,-0.28,0.0,8.0
P0047,50,Male,4.4,31.9,7.86,129.0,61.9,Control,7.84,132.0,63.2,160,-0.02,3.0,1.3
P0048,71,Male,11.5,25.1,8.49,125.0,56.8,AI_Assisted,7.55,124.0,69.9,176,-0.94,-1.0,13.1
P0049,61,Female,5.4,33.4,9.93,145.0,76.8,Control,9.61,143.0,81.6,137,-0.32,-2.0,4.8
P0050,65,Male,4.8,38.4,8.15,119.0,70.3,AI_Assisted,8.25,108.0,88.3,139,0.1,-11.0,18.0
P0051,64,Male,2.8,28.0,9.4,133.0,56.0,Control,9.64,133.0,60.6,131,0.24,0.0,4.6
P0052,38,Male,7.1,19.0,9.5,108.0,73.8,AI_Assisted,8.76,100.0,86.1,120,-0.74,-8.0,12.3
P0053,46,Male,5.2,26.0,7.92,144.0,75.8,AI_Assisted,7.42,140.0,84.5,92,-0.5,-4.0,8.7
P0054,51,Female,6.2,34.0,8.91,132.0,53.5,Control,7.96,138.0,50.7,86,-0.95,6.0,-2.8
P0055,52,Male,4.3,31.0,7.91,118.0,57.6,Control,7.66,116.0,55.0,154,-0.25,-2.0,-2.6
P0056,32,Male,11.7,29.6,9.79,156.0,31.6,AI_Assisted,9.08,147.0,40.9,172,-0.71,-9.0,9.3
P0057,55,Male,14.0,33.0,8.96,120.0,48.6,Control,8.71,117.0,51.9,89,-0.25,-3.0,3.3
P0058,37,Male,8.0,30.7,6.77,152.0,53.9,Control,6.34,155.0,57.9,115,-0.43,3.0,4.0
P0059,64,Female,10.0,34.0,8.39,129.0,66.1,AI_Assisted,7.32,107.0,79.9,142,-1.07,-22.0,13.8
P0060,61,Male,13.1,32.6,10.18,164.0,50.8,Control,9.62,150.0,50.8,152,-0.56,-14.0,0.0
P0061,72,Male,15.0,35.3,7.98,151.0,57.3,AI_Assisted,7.01,151.0,62.0,155,-0.97,0.0,4.7
P0062,64,Male,9.6,30.1,8.74,125.0,46.6,Control,8.97,134.0,50.6,151,0.23,9.0,4.0
P0063,46,Female,13.5,32.6,8.86,126.0,67.6,Control,8.32,115.0,59.8,92,-0.54,-11.0,-7.8
P0064,74,Female,13.7,27.1,6.96,149.0,71.4,AI_Assisted,6.12,142.0,77.1,108,-0.84,-7.0,5.7
P0065,48,Female,12.1,25.8,8.81,136.0,71.0,Control,8.94,131.0,75.8,129,0.13,-5.0,4.8
P0066,44,Female,7.5,36.2,6.53,137.0,65.2,Control,6.65,133.0,74.6,90,0.12,-4.0,9.4
P0067,71,Female,2.1,29.5,7.45,159.0,41.9,AI_Assisted,7.45,153.0,51.5,117,0.0,-6.0,9.6
P0068,47,Male,1.2,32.1,9.49,129.0,55.7,AI_Assisted,8.95,113.0,65.4,121,-0.54,-16.0,9.7
P0069,33,Male,7.7,29.1,8.63,141.0,58.9,AI_Assisted,8.29,125.0,68.4,178,-0.34,-16.0,9.5
P0070,51,Male,7.9,25.9,7.83,154.0,59.0,AI_Assisted,7.46,143.0,67.2,114,-0.37,-11.0,8.2
P0071,66,Male,6.7,28.5,8.74,152.0,66.1,Control,8.69,149.0,72.8,178,-0.05,-3.0,6.7
P0072,38,Female,9.0,35.0,8.13,138.0,86.4,Control,7.29,128.0,75.8,151,-0.84,-10.0,-10.6
P0073,51,Male,8.7,31.0,8.22,136.0,77.2,AI_Assisted,7.08,135.0,100.0,151,-1.14,-1.0,22.8
P0074,35,Female,12.7,20.8,8.99,114.0,50.2,AI_Assisted,8.68,108.0,53.2,163,-0.31,-6.0,3.0
P0075,61,Female,2.5,27.5,7.33,124.0,75.2,AI_Assisted,6.57,116.0,82.3,165,-0.76,-8.0,7.1
P0076,51,Male,4.2,36.5,8.25,145.0,74.6,Control,8.62,145.0,82.1,105,0.37,0.0,7.5
P0077,45,Female,12.1,27.5,7.83,138.0,52.9,Control,7.61,135.0,47.7,124,-0.22,-3.0,-5.2
P0078,40,Female,12.9,20.4,6.5,141.0,77.7,Control,6.33,145.0,72.7,135,-0.17,4.0,-5.0
P0079,55,Female,14.9,37.0,7.1,156.0,62.6,AI_Assisted,6.8,142.0,74.7,178,-0.3,-14.0,12.1
P0080,60,Male,13.2,31.6,10.08,122.0,43.9,AI_Assisted,9.5,107.0,55.1,87,-0.58,-15.0,11.2
P0081,73,Male,13.5,28.2,8.66,136.0,71.8,Control,8.52,132.0,75.3,130,-0.14,-4.0,3.5
P0082,50,Male,5.4,26.8,6.61,143.0,68.3,Control,6.72,141.0,65.7,104,0.11,-2.0,-2.6
P0083,37,Male,6.6,33.4,6.5,129.0,61.6,Control,5.78,118.0,65.1,104,-0.72,-11.0,3.5
P0084,68,Male,4.8,26.1,8.07,161.0,64.4,Control,7.77,149.0,61.7,157,-0.3,-12.0,-2.7
P0085,58,Female,9.5,33.7,10.07,154.0,54.2,AI_Assisted,9.75,151.0,65.2,103,-0.32,-3.0,11.0
P0086,62,Female,14.1,30.9,7.98,144.0,74.2,AI_Assisted,7.18,135.0,74.9,160,-0.8,-9.0,0.7
P0087,34,Male,5.8,29.6,9.77,167.0,64.3,Control,10.08,155.0,69.7,180,0.31,-12.0,5.4
P0088,44,Male,8.8,29.2,8.62,118.0,67.5,AI_Assisted,7.33,118.0,73.5,159,-1.29,0.0,6.0
P0089,65,Male,5.1,27.7,8.77,140.0,70.4,AI_Assisted,7.36,131.0,79.5,100,-1.41,-9.0,9.1
P0090,68,Male,3.4,33.2,6.6,145.0,47.7,Control,6.67,151.0,42.3,97,0.07,6.0,-5.4
P0091,50,Female,3.7,24.6,9.33,126.0,51.6,Control,9.43,124.0,62.4,126,0.1,-2.0,10.8
P0092,67,Male,1.8,21.2,7.8,145.0,31.9,Control,7.53,145.0,29.8,137,-0.27,0.0,-2.1
P0093,68,Male,14.3,31.3,9.24,123.0,73.5,Control,9.18,120.0,74.6,159,-0.06,-3.0,1.1
P0094,47,Female,6.6,31.3,7.22,150.0,46.8,AI_Assisted,6.72,126.0,50.7,125,-0.5,-24.0,3.9
P0095,71,Male,12.7,30.7,8.41,156.0,67.0,AI_Assisted,7.79,137.0,72.8,100,-0.62,-19.0,5.8
P0096,43,Male,10.5,30.3,8.62,144.0,70.6,Control,8.17,141.0,72.6,180,-0.45,-3.0,2.0
P0097,41,Female,3.7,27.1,8.02,112.0,74.0,Control,7.89,113.0,75.0,171,-0.13,1.0,1.0
P0098,61,Female,3.5,32.0,8.69,125.0,46.9,AI_Assisted,8.32,103.0,62.6,147,-0.37,-22.0,15.7
P0099,59,Female,12.4,28.3,7.88,148.0,64.0,Control,7.27,146.0,63.9,151,-0.61,-2.0,-0.1
P0100,36,Female,4.7,26.3,7.42,140.0,90.1,AI_Assisted,6.94,125.0,96.2,174,-0.48,-15.0,6.1
P0101,68,Male,13.8,27.1,10.13,100.0,90.7,AI_Assisted,9.62,92.0,100.0,130,-0.51,-8.0,9.3
P0102,39,Female,3.0,37.6,9.46,159.0,79.8,AI_Assisted,8.96,154.0,82.5,98,-0.5,-5.0,2.7
P0103,67,Female,10.5,20.7,7.29,142.0,70.1,AI_Assisted,6.46,138.0,83.8,142,-0.83,-4.0,13.7
P0104,30,Female,12.4,30.7,8.88,128.0,49.9,AI_Assisted,8.42,135.0,57.4,127,-0.46,7.0,7.5
P0105,66,Female,4.3,20.9,7.31,155.0,75.8,AI_Assisted,7.27,151.0,81.1,161,-0.04,-4.0,5.3
P0106,66,Female,4.9,28.0,6.78,130.0,62.6,Control,6.39,134.0,60.2,158,-0.39,4.0,-2.4
P0107,65,Female,14.5,26.5,9.44,130.0,73.4,Control,9.14,126.0,79.0,129,-0.3,-4.0,5.6
P0108,60,Male,4.7,19.1,6.5,145.0,55.5,Control,5.74,163.0,54.9,119,-0.76,18.0,-0.6
P0109,51,Female,7.0,30.3,9.31,167.0,62.4,Control,8.86,156.0,67.4,124,-0.45,-11.0,5.0
P0110,62,Male,7.1,26.8,7.9,164.0,67.5,Control,7.88,158.0,73.9,145,-0.02,-6.0,6.4
P0111,42,Female,4.5,19.1,7.95,145.0,68.7,Control,7.86,149.0,71.9,145,-0.09,4.0,3.2
P0112,65,Female,11.9,32.3,8.69,147.0,72.4,Control,8.7,150.0,87.4,133,0.01,3.0,15.0
P0113,55,Female,11.8,35.0,8.9,152.0,56.3,Control,8.89,153.0,66.4,135,-0.01,1.0,10.1
P0114,51,Female,6.3,35.2,7.21,121.0,44.9,Control,7.74,124.0,53.8,180,0.53,3.0,8.9
P0115,53,Male,12.7,30.1,9.06,150.0,89.4,AI_Assisted,8.0,129.0,100.0,108,-1.06,-21.0,10.6
P0116,56,Female,4.0,28.7,8.34,129.0,100.0,AI_Assisted,7.41,140.0,100.0,100,-0.93,11.0,0.0
P0117,31,Female,1.1,34.5,6.69,145.0,71.7,AI_Assisted,5.68,131.0,81.0,161,-1.01,-14.0,9.3
P0118,36,Male,9.0,36.1,8.0,137.0,45.1,AI_Assisted,6.86,136.0,48.2,174,-1.14,-1.0,3.1
P0119,41,Male,14.9,33.6,9.86,148.0,53.4,AI_Assisted,8.84,126.0,64.8,143,-1.02,-22.0,11.4
P0120,35,Male,1.5,24.3,10.21,142.0,72.6,AI_Assisted,9.59,144.0,90.8,122,-0.62,2.0,18.2
P0121,50,Female,3.9,29.4,9.06,100.0,85.1,Control,9.3,94.0,90.9,117,0.24,-6.0,5.8
P0122,60,Male,8.3,30.5,6.77,143.0,46.8,AI_Assisted,6.72,144.0,57.4,129,-0.05,1.0,10.6
P0123,60,Female,12.3,20.4,8.79,150.0,63.1,Control,8.77,150.0,60.3,89,-0.02,0.0,-2.8
P0124,51,Male,2.2,30.6,9.22,147.0,67.9,AI_Assisted,9.37,141.0,67.6,135,0.15,-6.0,-0.3
P0125,69,Female,6.5,38.7,9.07,138.0,78.0,AI_Assisted,8.19,121.0,85.4,110,-0.88,-17.0,7.4
P0126,56,Male,11.5,31.4,9.14,165.0,59.8,Control,8.37,163.0,61.9,109,-0.77,-2.0,2.1
P0127,33,Female,6.2,35.1,8.64,145.0,41.5,AI_Assisted,8.36,141.0,37.0,138,-0.28,-4.0,-4.5
P0128,65,Male,3.6,29.3,8.11,147.0,74.3,Control,7.27,148.0,94.5,177,-0.84,1.0,20.2
P0129,56,Female,3.7,28.2,7.47,156.0,81.9,Control,7.01,161.0,87.0,103,-0.46,5.0,5.1
P0130,59,Female,6.7,30.2,6.5,145.0,63.8,Control,6.48,144.0,63.1,172,-0.02,-1.0,-0.7
P0131,56,Female,7.7,24.8,8.61,127.0,71.1,Control,8.37,116.0,67.6,134,-0.24,-11.0,-3.5
P0132,55,Female,13.1,24.2,8.42,103.0,57.9,Control,8.15,102.0,59.3,178,-0.27,-1.0,1.4
P0133,34,Male,10.0,34.2,8.87,133.0,52.3,AI_Assisted,7.84,141.0,63.4,121,-1.03,8.0,11.1
P0134,55,Male,10.7,34.7,6.59,151.0,80.4,AI_Assisted,6.16,155.0,93.2,180,-0.43,4.0,12.8
P0135,66,Male,14.8,24.0,8.97,135.0,70.8,Control,9.12,112.0,76.1,148,0.15,-23.0,5.3
P0136,43,Male,6.8,32.9,10.67,152.0,72.4,AI_Assisted,10.38,144.0,83.0,148,-0.29,-8.0,10.6
P0137,57,Female,6.6,28.1,8.29,142.0,87.5,Control,7.8,147.0,100.0,138,-0.49,5.0,12.5
P0138,31,Female,13.9,30.0,8.13,159.0,49.2,Control,7.49,156.0,48.5,127,-0.64,-3.0,-0.7
P0139,45,Female,4.4,30.6,8.57,136.0,56.7,AI_Assisted,7.35,125.0,74.3,134,-1.22,-11.0,17.6
P0140,50,Female,11.2,33.0,10.64,147.0,67.4,AI_Assisted,10.21,139.0,84.3,166,-0.43,-8.0,16.9
P0141,75,Female,11.6,28.9,6.97,148.0,56.5,Control,6.89,150.0,64.0,160,-0.08,2.0,7.5
P0142,39,Female,2.4,34.8,8.44,163.0,76.7,Control,7.96,153.0,86.1,86,-0.48,-10.0,9.4
P0143,42,Male,7.6,29.9,7.24,114.0,62.2,AI_Assisted,6.42,115.0,78.6,151,-0.82,1.0,16.4
P0144,48,Male,3.8,31.3,7.54,133.0,50.1,AI_Assisted,7.1,124.0,62.8,164,-0.44,-9.0,12.7
P0145,75,Female,3.6,24.8,8.14,153.0,66.0,Control,7.63,144.0,65.7,156,-0.51,-9.0,-0.3
P0146,69,Female,7.5,38.2,9.82,163.0,67.6,Control,9.86,169.0,75.2,132,0.04,6.0,7.6
P0147,31,Male,5.1,30.6,10.36,144.0,79.0,Control,9.9,131.0,86.5,116,-0.46,-13.0,7.5
P0148,40,Male,12.1,31.7,8.74,136.0,70.9,AI_Assisted,7.55,125.0,75.5,149,-1.19,-11.0,4.6
P0149,67,Female,13.7,21.3,7.75,151.0,71.9,AI_Assisted,7.57,137.0,85.1,148,-0.18,-14.0,13.2
P0150,32,Male,12.2,24.8,11.19,153.0,69.8,AI_Assisted,11.58,164.0,86.7,120,0.39,11.0,16.9
P0151,69,Male,4.7,34.1,7.69,135.0,62.2,Control,7.75,128.0,69.3,123,0.06,-7.0,7.1
P0152,42,Female,4.8,29.8,7.51,145.0,54.3,AI_Assisted,6.83,124.0,67.8,119,-0.68,-21.0,13.5
P0153,72,Female,4.6,19.9,6.5,158.0,69.3,AI_Assisted,5.91,145.0,72.4,88,-0.59,-13.0,3.1
P0154,43,Male,2.9,33.2,9.88,168.0,60.0,Control,9.07,169.0,68.3,87,-0.81,1.0,8.3
P0155,49,Female,14.2,26.1,9.36,151.0,90.3,AI_Assisted,8.38,148.0,100.0,92,-0.98,-3.0,9.7
P0156,60,Male,6.6,34.9,11.1,141.0,85.1,Control,10.02,155.0,85.9,125,-1.08,14.0,0.8
P0157,35,Female,4.1,28.1,6.53,139.0,74.5,Control,6.94,147.0,72.1,133,0.41,8.0,-2.4
P0158,55,Male,12.9,29.4,9.95,148.0,70.7,AI_Assisted,9.87,141.0,87.8,123,-0.08,-7.0,17.1
P0159,53,Female,6.6,33.8,8.28,138.0,63.7,Control,8.22,130.0,64.2,176,-0.06,-8.0,0.5
P0160,66,Male,1.5,24.5,9.17,143.0,46.1,AI_Assisted,8.78,148.0,68.5,105,-0.39,5.0,22.4
P0161,75,Male,3.3,24.0,6.5,124.0,61.8,AI_Assisted,5.4,121.0,68.1,122,-1.1,-3.0,6.3
P0162,60,Female,9.9,27.6,9.96,159.0,66.5,Control,9.68,152.0,68.1,107,-0.28,-7.0,1.6
P0163,48,Male,12.0,32.2,9.14,123.0,68.4,Control,9.57,118.0,70.0,113,0.43,-5.0,1.6
P0164,48,Male,4.0,22.5,8.15,134.0,72.0,AI_Assisted,7.3,124.0,76.0,140,-0.85,-10.0,4.0
P0165,49,Male,13.8,21.0,8.97,141.0,78.8,Control,8.57,136.0,79.8,114,-0.4,-5.0,1.0
P0166,67,Female,12.9,32.2,7.28,170.0,54.6,AI_Assisted,6.3,156.0,64.3,114,-0.98,-14.0,9.7
P0167,44,Female,12.9,25.8,7.5,134.0,54.8,Control,7.78,137.0,54.9,149,0.28,3.0,0.1
P0168,37,Female,4.2,26.7,7.64,130.0,86.8,Control,7.42,125.0,86.9,164,-0.22,-5.0,0.1
P0169,45,Male,1.7,20.1,6.5,132.0,76.6,AI_Assisted,5.48,111.0,88.9,104,-1.02,-21.0,12.3
P0170,31,Male,13.1,25.4,9.23,165.0,59.1,Control,8.71,152.0,54.2,94,-0.52,-13.0,-4.9
P0171,34,Male,5.3,28.5,9.63,100.0,63.4,AI_Assisted,8.45,96.0,79.5,107,-1.18,-4.0,16.1
P0172,34,Female,9.7,32.7,7.36,125.0,63.5,AI_Assisted,6.59,125.0,93.6,140,-0.77,0.0,30.1
P0173,65,Female,11.6,25.0,8.62,181.0,65.5,Control,8.49,175.0,73.9,177,-0.13,-6.0,8.4
P0174,63,Female,2.8,36.0,7.88,149.0,72.1,AI_Assisted,6.74,140.0,82.6,99,-1.14,-9.0,10.5
P0175,62,Female,11.9,25.4,8.59,123.0,100.0,AI_Assisted,8.1,123.0,100.0,88,-0.49,0.0,0.0
P0176,51,Male,14.1,25.4,7.45,139.0,67.8,AI_Assisted,6.87,143.0,74.6,135,-0.58,4.0,6.8
P0177,62,Female,11.2,35.4,7.14,141.0,74.9,Control,7.31,134.0,76.6,180,0.17,-7.0,1.7
P0178,37,Male,7.2,29.5,9.46,153.0,39.7,Control,9.13,152.0,48.1,137,-0.33,-1.0,8.4
P0179,71,Male,13.3,26.0,8.12,168.0,57.7,AI_Assisted,8.9,166.0,67.6,173,0.78,-2.0,9.9
P0180,53,Male,8.4,27.8,10.63,146.0,83.4,AI_Assisted,10.08,133.0,100.0,146,-0.55,-13.0,16.6
P0181,73,Male,11.4,34.6,8.26,132.0,71.0,AI_Assisted,7.48,125.0,87.2,87,-0.78,-7.0,16.2
P0182,37,Male,12.5,35.1,7.09,152.0,25.0,AI_Assisted,6.05,138.0,34.2,125,-1.04,-14.0,9.2
P0183,52,Male,11.5,24.8,9.67,130.0,75.1,AI_Assisted,8.82,113.0,79.1,158,-0.85,-17.0,4.0
P0184,62,Male,5.0,28.3,8.96,124.0,93.8,Control,8.16,123.0,97.6,133,-0.8,-1.0,3.8
P0185,52,Female,2.6,28.9,9.07,114.0,35.1,AI_Assisted,8.64,109.0,44.9,102,-0.43,-5.0,9.8
P0186,50,Male,4.3,24.1,9.63,117.0,87.8,Control,8.76,119.0,92.9,101,-0.87,2.0,5.1
P0187,37,Male,8.0,28.2,7.42,127.0,25.0,Control,7.28,117.0,30.6,148,-0.14,-10.0,5.6
P0188,47,Female,8.1,28.5,8.05,122.0,79.1,AI_Assisted,6.9,112.0,94.2,128,-1.15,-10.0,15.1
P0189,40,Female,9.2,33.6,7.99,145.0,64.9,Control,7.66,153.0,68.8,139,-0.33,8.0,3.9
P0190,43,Male,6.5,33.9,6.65,122.0,29.8,Control,6.66,135.0,32.2,120,0.01,13.0,2.4
P0191,61,Male,12.0,27.0,7.88,100.0,71.7,AI_Assisted,8.21,99.0,81.1,116,0.33,-1.0,9.4
P0192,58,Female,13.8,27.5,9.8,124.0,82.3,AI_Assisted,8.77,111.0,96.0,148,-1.03,-13.0,13.7
P0193,57,Male,4.5,31.5,8.48,133.0,70.5,AI_Assisted,7.61,133.0,77.9,84,-0.87,0.0,7.4
P0194,46,Male,11.3,25.9,6.58,131.0,73.8,AI_Assisted,5.51,116.0,79.6,126,-1.07,-15.0,5.8
P0195,74,Female,10.5,31.1,6.5,163.0,58.8,Control,6.0,163.0,66.5,119,-0.5,0.0,7.7
P0196,34,Male,8.3,28.1,10.2,131.0,37.1,AI_Assisted,9.35,122.0,44.8,159,-0.85,-9.0,7.7
P0197,45,Female,3.6,24.1,8.09,153.0,75.4,Control,8.18,139.0,71.8,154,0.09,-14.0,-3.6
P0198,35,Female,12.1,24.2,7.42,140.0,91.2,Control,7.05,136.0,78.2,125,-0.37,-4.0,-13.0
P0199,45,Female,14.4,35.0,7.87,139.0,81.9,Control,8.46,142.0,84.5,109,0.59,3.0,2.6
P0200,74,Male,11.1,27.8,6.5,127.0,35.2,Control,6.45,127.0,34.1,106,-0.05,0.0,-1.1
P0201,46,Male,13.9,35.9,9.91,139.0,42.3,AI_Assisted,8.73,136.0,53.6,104,-1.18,-3.0,11.3
P0202,71,Male,14.8,26.2,7.73,129.0,52.3,Control,7.4,129.0,45.4,110,-0.33,0.0,-6.9
P0203,52,Male,5.9,29.8,9.84,143.0,41.1,AI_Assisted,8.85,131.0,48.4,157,-0.99,-12.0,7.3
P0204,62,Female,9.9,39.3,8.26,136.0,65.7,Control,8.34,138.0,71.1,88,0.08,2.0,5.4
P0205,51,Male,7.6,23.7,9.92,126.0,70.9,Control,9.15,122.0,68.8,86,-0.77,-4.0,-2.1
P0206,42,Female,14.8,20.0,8.51,155.0,43.5,AI_Assisted,7.47,149.0,45.9,136,-1.04,-6.0,2.4
P0207,65,Female,2.3,34.3,9.22,146.0,76.7,AI_Assisted,8.19,152.0,93.0,105,-1.03,6.0,16.3
P0208,74,Female,6.8,24.8,9.06,133.0,74.0,AI_Assisted,8.6,126.0,90.6,164,-0.46,-7.0,16.6
P0209,42,Male,13.3,28.4,8.95,142.0,56.8,Control,9.18,140.0,62.8,156,0.23,-2.0,6.0
P0210,65,Male,5.0,25.9,8.62,139.0,62.4,Control,8.9,138.0,70.2,158,0.28,-1.0,7.8
P0211,42,Female,12.0,29.7,7.92,127.0,35.8,AI_Assisted,7.12,119.0,41.7,128,-0.8,-8.0,5.9
P0212,62,Female,6.4,24.2,10.5,141.0,60.0,AI_Assisted,9.51,133.0,68.9,126,-0.99,-8.0,8.9
P0213,66,Female,14.7,27.7,7.11,131.0,65.1,Control,7.19,130.0,65.8,125,0.08,-1.0,0.7
P0214,50,Female,13.4,30.5,8.21,126.0,67.5,AI_Assisted,6.9,116.0,72.7,103,-1.31,-10.0,5.2
P0215,63,Female,5.2,24.0,8.22,116.0,70.7,AI_Assisted,6.85,111.0,83.9,139,-1.37,-5.0,13.2
P0216,42,Male,11.8,25.3,8.68,135.0,68.7,AI_Assisted,8.52,121.0,81.9,167,-0.16,-14.0,13.2
P0217,33,Female,5.7,26.9,7.68,149.0,61.0,Control,7.13,148.0,62.1,108,-0.55,-1.0,1.1
P0218,34,Male,9.5,22.1,8.58,130.0,69.3,AI_Assisted,7.85,129.0,82.7,89,-0.73,-1.0,13.4
P0219,50,Female,10.2,26.6,8.0,178.0,80.0,Control,7.84,175.0,78.0,138,-0.16,-3.0,-2.0
P0220,71,Female,12.6,29.0,6.5,153.0,63.6,AI_Assisted,6.02,133.0,81.1,122,-0.48,-20.0,17.5
P0221,35,Male,1.3,26.7,8.21,160.0,69.8,Control,8.34,162.0,75.4,161,0.13,2.0,5.6
P0222,50,Male,4.1,27.3,6.88,152.0,62.2,Control,6.97,151.0,70.0,167,0.09,-1.0,7.8
P0223,62,Male,11.0,28.4,6.5,168.0,55.3,Control,6.37,159.0,49.3,176,-0.13,-9.0,-6.0
P0224,39,Female,8.9,25.5,8.36,128.0,72.8,AI_Assisted,7.89,126.0,87.7,122,-0.47,-2.0,14.9
P0225,63,Male,7.9,31.6,8.79,102.0,56.7,AI_Assisted,8.07,90.0,60.3,171,-0.72,-12.0,3.6
P0226,44,Male,1.8,35.0,8.83,133.0,70.8,AI_Assisted,7.82,137.0,80.2,95,-1.01,4.0,9.4
P0227,67,Male,5.9,26.4,8.88,148.0,65.4,AI_Assisted,7.89,137.0,75.2,120,-0.99,-11.0,9.8
P0228,56,Male,13.1,30.7,6.5,142.0,60.4,AI_Assisted,6.79,126.0,69.2,109,0.29,-16.0,8.8
P0229,55,Male,1.4,27.4,6.57,144.0,60.1,AI_Assisted,5.7,136.0,72.3,173,-0.87,-8.0,12.2
P0230,38,Male,6.6,30.1,10.57,160.0,57.4,Control,10.53,155.0,61.6,142,-0.04,-5.0,4.2
P0231,51,Male,14.2,35.5,6.94,146.0,40.3,AI_Assisted,5.86,135.0,52.3,119,-1.08,-11.0,12.0
P0232,69,Male,1.7,30.8,8.93,152.0,70.7,Control,9.09,145.0,72.8,98,0.16,-7.0,2.1
P0233,30,Male,11.5,20.5,7.38,126.0,68.5,Control,7.45,123.0,66.1,159,0.07,-3.0,-2.4
P0234,64,Male,4.6,30.5,8.3,124.0,77.7,Control,8.37,119.0,82.8,147,0.07,-5.0,5.1
P0235,52,Male,13.1,34.0,7.44,164.0,57.0,Control,7.32,149.0,62.4,166,-0.12,-15.0,5.4
P0236,63,Female,11.4,27.5,8.87,142.0,93.4,AI_Assisted,8.61,146.0,98.3,126,-0.26,4.0,4.9
P0237,60,Male,13.4,33.0,8.36,131.0,59.3,AI_Assisted,7.91,126.0,68.3,98,-0.45,-5.0,9.0
P0238,49,Male,4.0,25.4,7.66,131.0,51.9,Control,7.56,124.0,63.3,116,-0.1,-7.0,11.4
P0239,44,Male,8.4,21.8,6.94,130.0,50.1,AI_Assisted,6.69,115.0,60.3,144,-0.25,-15.0,10.2
P0240,58,Male,11.9,29.1,8.52,129.0,39.0,Control,8.63,132.0,48.4,107,0.11,3.0,9.4
P0241,36,Male,4.4,20.6,6.74,121.0,88.0,Control,6.22,110.0,87.3,90,-0.52,-11.0,-0.7
P0242,56,Male,4.2,27.4,8.71,117.0,85.6,Control,8.26,116.0,94.1,163,-0.45,-1.0,8.5
P0243,34,Female,1.4,34.3,11.35,137.0,74.0,Control,11.13,131.0,83.2,135,-0.22,-6.0,9.2
P0244,59,Male,14.4,19.9,9.82,131.0,51.6,Control,9.01,125.0,53.1,122,-0.81,-6.0,1.5
P0245,58,Male,10.9,22.7,9.06,157.0,92.2,Control,9.15,147.0,100.0,137,0.09,-10.0,7.8
P0246,33,Male,9.9,23.9,8.1,144.0,59.7,Control,7.56,138.0,65.0,155,-0.54,-6.0,5.3
P0247,64,Male,11.4,28.2,6.5,144.0,61.0,Control,6.13,142.0,59.6,84,-0.37,-2.0,-1.4
P0248,49,Male,8.4,26.9,6.61,129.0,86.6,AI_Assisted,5.94,124.0,90.9,126,-0.67,-5.0,4.3
P0249,66,Female,7.7,34.8,9.74,138.0,74.9,Control,9.55,131.0,83.6,108,-0.19,-7.0,8.7
P0250,31,Female,7.3,32.8,7.25,145.0,98.0,Control,6.93,142.0,100.0,92,-0.32,-3.0,2.0
P0251,38,Male,10.0,30.7,7.36,151.0,68.7,AI_Assisted,6.9,153.0,75.3,87,-0.46,2.0,6.6
P0252,52,Male,3.8,29.2,8.0,139.0,59.0,Control,7.78,125.0,61.3,126,-0.22,-14.0,2.3
P0253,38,Male,13.4,30.3,6.93,156.0,55.8,AI_Assisted,6.19,147.0,64.2,136,-0.74,-9.0,8.4
P0254,45,Male,12.4,24.6,6.73,140.0,37.3,Control,6.26,131.0,37.8,133,-0.47,-9.0,0.5
P0255,60,Female,5.9,32.4,8.14,152.0,60.8,AI_Assisted,7.57,144.0,73.2,159,-0.57,-8.0,12.4
P0256,36,Male,9.1,23.5,7.13,133.0,82.2,AI_Assisted,5.59,125.0,86.0,128,-1.54,-8.0,3.8
P0257,61,Male,3.0,32.3,7.31,113.0,74.0,AI_Assisted,6.6,103.0,80.6,141,-0.71,-10.0,6.6
P0258,34,Female,14.6,33.8,7.26,144.0,65.3,AI_Assisted,6.57,130.0,74.5,163,-0.69,-14.0,9.2
P0259,38,Male,13.6,29.4,8.83,151.0,50.1,Control,8.78,158.0,51.3,147,-0.05,7.0,1.2
P0260,57,Male,13.9,27.7,7.92,149.0,68.4,Control,7.21,153.0,76.4,172,-0.71,4.0,8.0
P0261,66,Female,5.7,30.3,7.99,146.0,80.2,Control,7.62,130.0,74.9,105,-0.37,-16.0,-5.3
P0262,37,Male,3.4,19.0,8.92,135.0,71.5,AI_Assisted,8.06,116.0,73.4,160,-0.86,-19.0,1.9
P0263,43,Male,4.0,29.9,8.03,128.0,67.5,Control,8.2,130.0,75.7,151,0.17,2.0,8.2
P0264,72,Male,2.3,28.0,7.87,148.0,53.0,Control,7.79,144.0,63.9,140,-0.08,-4.0,10.9
P0265,75,Female,2.7,28.3,8.76,146.0,78.0,AI_Assisted,7.64,149.0,87.4,84,-1.12,3.0,9.4
P0266,56,Male,2.0,31.7,9.0,132.0,25.0,Control,8.63,134.0,23.6,136,-0.37,2.0,-1.4
P0267,50,Male,14.9,28.2,8.02,157.0,70.7,Control,8.13,157.0,76.5,167,0.11,0.0,5.8
P0268,45,Male,2.0,23.4,8.3,127.0,100.0,AI_Assisted,7.12,115.0,100.0,146,-1.18,-12.0,0.0
P0269,58,Male,2.9,27.9,7.26,131.0,42.4,Control,7.03,132.0,44.1,84,-0.23,1.0,1.7
P0270,57,Female,12.6,28.8,7.17,165.0,61.4,AI_Assisted,6.6,152.0,72.4,111,-0.57,-13.0,11.0
P0271,43,Male,9.1,29.0,9.12,153.0,64.9,AI_Assisted,7.73,151.0,77.9,139,-1.39,-2.0,13.0
P0272,31,Female,11.8,29.2,8.73,135.0,58.1,AI_Assisted,8.9,134.0,76.6,162,0.17,-1.0,18.5
P0273,36,Female,9.8,33.2,8.75,144.0,80.5,Control,8.41,136.0,77.0,127,-0.34,-8.0,-3.5
P0274,74,Female,13.4,23.6,8.54,142.0,72.1,Control,8.5,146.0,75.1,167,-0.04,4.0,3.0
P0275,49,Male,9.9,29.3,8.26,100.0,67.3,AI_Assisted,7.25,107.0,82.8,161,-1.01,7.0,15.5
P0276,52,Female,8.3,34.3,9.04,126.0,77.0,AI_Assisted,8.46,114.0,83.8,109,-0.58,-12.0,6.8
P0277,51,Female,11.0,20.7,9.32,139.0,65.3,AI_Assisted,8.97,131.0,76.1,102,-0.35,-8.0,10.8
P0278,66,Male,7.3,29.3,9.29,135.0,100.0,Control,8.88,130.0,100.0,171,-0.41,-5.0,0.0
P0279,32,Female,5.8,25.9,8.08,144.0,67.3,Control,7.86,143.0,81.1,141,-0.22,-1.0,13.8
P0280,33,Female,7.5,26.8,9.86,157.0,67.9,Control,9.35,144.0,65.6,166,-0.51,-13.0,-2.3
P0281,42,Male,3.4,24.4,8.47,135.0,39.3,Control,7.87,133.0,43.6,173,-0.6,-2.0,4.3
P0282,52,Female,12.2,27.7,8.96,124.0,56.8,Control,9.12,122.0,55.0,125,0.16,-2.0,-1.8
P0283,60,Male,4.6,36.8,8.54,145.0,82.2,AI_Assisted,7.49,149.0,94.7,88,-1.05,4.0,12.5
P0284,52,Female,3.1,22.8,8.5,135.0,45.0,Control,7.46,120.0,57.0,172,-1.04,-15.0,12.0
P0285,50,Female,4.4,23.2,7.32,138.0,32.6,AI_Assisted,7.3,129.0,49.0,140,-0.02,-9.0,16.4
P0286,73,Male,12.8,22.6,9.04,136.0,65.5,AI_Assisted,8.17,141.0,73.7,95,-0.87,5.0,8.2
P0287,37,Female,5.6,36.3,11.61,174.0,85.6,Control,11.32,170.0,83.9,135,-0.29,-4.0,-1.7
P0288,56,Male,10.6,26.4,7.75,106.0,65.6,AI_Assisted,7.83,104.0,76.0,86,0.08,-2.0,10.4
P0289,54,Female,13.0,28.4,8.29,134.0,60.0,AI_Assisted,7.74,116.0,65.4,112,-0.55,-18.0,5.4
P0290,51,Female,2.1,26.7,7.66,140.0,37.1,Control,7.4,131.0,37.9,117,-0.26,-9.0,0.8
P0291,67,Male,11.7,24.3,7.61,128.0,71.8,Control,6.98,113.0,74.6,128,-0.63,-15.0,2.8
P0292,42,Male,5.3,27.4,10.05,153.0,74.9,AI_Assisted,8.96,140.0,84.1,138,-1.09,-13.0,9.2
P0293,73,Male,4.0,39.6,7.39,152.0,38.3,AI_Assisted,7.12,141.0,51.3,165,-0.27,-11.0,13.0
P0294,45,Male,10.6,34.8,7.63,139.0,82.0,AI_Assisted,7.05,133.0,87.0,118,-0.58,-6.0,5.0
P0295,55,Male,13.7,24.7,6.5,136.0,76.5,AI_Assisted,5.75,128.0,80.1,155,-0.75,-8.0,3.6
P0296,53,Male,5.1,31.4,7.29,138.0,82.0,Control,6.92,133.0,95.5,175,-0.37,-5.0,13.5
P0297,69,Male,9.0,24.8,6.5,138.0,73.8,AI_Assisted,6.21,131.0,78.3,156,-0.29,-7.0,4.5
P0298,50,Male,5.1,20.5,8.96,139.0,74.8,AI_Assisted,8.02,130.0,79.3,108,-0.94,-9.0,4.5
P0299,43,Female,8.8,33.1,11.56,137.0,72.8,AI_Assisted,10.89,126.0,87.0,149,-0.67,-11.0,14.2
P0300,30,Female,9.7,33.7,7.76,144.0,78.0,AI_Assisted,7.02,129.0,90.6,111,-0.74,-15.0,12.6
P0301,46,Female,9.5,33.2,6.5,151.0,37.7,AI_Assisted,6.48,140.0,41.4,130,-0.02,-11.0,3.7
P0302,68,Male,9.7,26.4,9.28,122.0,42.5,AI_Assisted,8.88,127.0,49.4,145,-0.4,5.0,6.9
P0303,30,Female,2.9,27.7,7.33,124.0,54.0,Control,6.8,123.0,58.0,112,-0.53,-1.0,4.0
P0304,71,Female,10.7,31.9,9.76,114.0,63.1,AI_Assisted,8.7,102.0,82.0,84,-1.06,-12.0,18.9
P0305,54,Male,10.4,30.3,7.86,153.0,70.8,Control,7.55,150.0,72.6,165,-0.31,-3.0,1.8
P0306,36,Male,10.6,26.7,7.44,144.0,69.9,AI_Assisted,7.0,121.0,77.8,154,-0.44,-23.0,7.9
P0307,43,Female,2.0,21.2,7.99,148.0,81.8,AI_Assisted,7.44,135.0,94.7,95,-0.55,-13.0,12.9
P0308,55,Male,7.3,29.0,9.11,119.0,82.2,AI_Assisted,7.98,112.0,85.4,120,-1.13,-7.0,3.2
P0309,44,Male,6.7,33.4,7.93,167.0,51.9,Control,7.16,158.0,49.2,109,-0.77,-9.0,-2.7
P0310,34,Female,2.2,23.1,7.6,131.0,68.6,AI_Assisted,6.74,118.0,79.1,178,-0.86,-13.0,10.5
P0311,60,Male,4.1,31.4,7.96,143.0,52.3,Control,8.24,138.0,57.5,175,0.28,-5.0,5.2
P0312,60,Male,7.2,30.0,6.67,153.0,62.2,Control,6.5,158.0,65.8,151,-0.17,5.0,3.6
P0313,35,Female,11.4,31.9,8.68,125.0,69.8,Control,8.76,131.0,82.7,126,0.08,6.0,12.9
P0314,42,Female,4.3,32.4,6.5,132.0,25.0,AI_Assisted,6.14,120.0,35.4,89,-0.36,-12.0,10.4
P0315,41,Male,12.6,25.4,7.67,143.0,100.0,Control,7.56,137.0,100.0,107,-0.11,-6.0,0.0
P0316,60,Female,8.6,21.2,9.11,183.0,73.5,AI_Assisted,8.11,170.0,82.0,92,-1.0,-13.0,8.5
P0317,63,Female,11.6,26.1,8.56,145.0,56.1,Control,8.43,149.0,63.2,160,-0.13,4.0,7.1
P0318,63,Male,7.6,32.5,8.91,164.0,93.9,AI_Assisted,8.48,154.0,100.0,92,-0.43,-10.0,6.1
P0319,73,Female,8.0,26.1,8.12,158.0,59.8,AI_Assisted,7.29,156.0,71.9,149,-0.83,-2.0,12.1
P0320,65,Male,9.7,25.4,9.6,146.0,67.0,AI_Assisted,9.24,139.0,78.0,176,-0.36,-7.0,11.0
P0321,44,Male,14.0,20.3,9.31,125.0,57.7,AI_Assisted,8.44,113.0,61.8,113,-0.87,-12.0,4.1
P0322,34,Female,7.9,36.4,8.74,156.0,89.8,AI_Assisted,7.74,155.0,94.8,150,-1.0,-1.0,5.0
P0323,58,Male,8.4,32.2,9.31,118.0,63.4,AI_Assisted,8.63,109.0,75.4,169,-0.68,-9.0,12.0
P0324,72,Female,9.4,32.0,9.1,164.0,67.2,AI_Assisted,8.37,151.0,84.6,125,-0.73,-13.0,17.4
P0325,74,Female,11.3,32.9,7.67,143.0,83.1,Control,7.88,139.0,86.0,127,0.21,-4.0,2.9
P0326,40,Male,2.0,31.1,6.59,100.0,73.8,Control,5.57,107.0,74.4,103,-1.02,7.0,0.6
P0327,40,Female,8.2,27.4,8.7,135.0,64.2,AI_Assisted,8.2,126.0,75.3,125,-0.5,-9.0,11.1
P0328,31,Male,7.7,27.8,8.86,150.0,81.7,Control,8.63,155.0,83.9,168,-0.23,5.0,2.2
P0329,36,Female,13.9,26.6,9.51,136.0,100.0,AI_Assisted,8.39,124.0,100.0,148,-1.12,-12.0,0.0
P0330,55,Male,7.9,40.4,7.08,151.0,69.8,AI_Assisted,6.5,142.0,80.7,103,-0.58,-9.0,10.9
P0331,55,Female,7.6,31.0,7.11,127.0,66.8,Control,6.66,130.0,75.9,135,-0.45,3.0,9.1
P0332,47,Female,14.5,26.4,8.75,120.0,67.6,AI_Assisted,8.21,103.0,76.8,152,-0.54,-17.0,9.2
P0333,44,Male,7.3,30.6,8.11,139.0,84.7,AI_Assisted,8.21,136.0,92.1,91,0.1,-3.0,7.4
P0334,68,Female,3.5,24.0,6.5,140.0,56.0,AI_Assisted,6.43,137.0,72.6,158,-0.07,-3.0,16.6
P0335,51,Female,4.0,35.3,8.65,135.0,60.8,AI_Assisted,8.27,123.0,69.8,103,-0.38,-12.0,9.0
P0336,67,Female,2.3,25.5,6.5,158.0,41.9,AI_Assisted,6.06,147.0,52.7,112,-0.44,-11.0,10.8
P0337,74,Female,1.0,30.8,7.07,127.0,47.2,AI_Assisted,6.01,118.0,60.1,124,-1.06,-9.0,12.9
P0338,44,Female,7.0,33.3,9.82,145.0,57.2,AI_Assisted,9.81,138.0,63.5,132,-0.01,-7.0,6.3
P0339,39,Male,11.8,30.2,10.39,141.0,64.2,Control,10.47,152.0,59.1,172,0.08,11.0,-5.1
P0340,73,Male,11.3,28.9,6.74,117.0,91.5,AI_Assisted,6.07,109.0,100.0,105,-0.67,-8.0,8.5
P0341,59,Male,1.5,28.5,7.8,120.0,73.0,AI_Assisted,6.56,113.0,75.2,108,-1.24,-7.0,2.2
P0342,43,Female,9.0,28.2,8.25,140.0,51.3,Control,8.25,138.0,54.5,120,0.0,-2.0,3.2
P0343,58,Male,3.2,25.9,10.34,170.0,54.1,Control,10.12,168.0,64.2,167,-0.22,-2.0,10.1
P0344,53,Male,14.2,26.5,7.61,149.0,85.6,AI_Assisted,6.69,141.0,96.2,177,-0.92,-8.0,10.6
P0345,71,Male,3.3,35.2,7.63,114.0,81.9,Control,7.58,106.0,96.7,128,-0.05,-8.0,14.8
P0346,41,Female,9.8,28.0,10.06,100.0,65.4,AI_Assisted,9.48,92.0,76.7,151,-0.58,-8.0,11.3
P0347,75,Male,5.6,25.0,7.75,151.0,58.4,Control,7.74,147.0,51.3,172,-0.01,-4.0,-7.1
P0348,73,Female,10.0,26.2,9.07,139.0,81.9,Control,9.02,131.0,84.6,166,-0.05,-8.0,2.7
P0349,38,Male,6.8,33.5,6.5,157.0,50.1,AI_Assisted,5.18,158.0,58.4,150,-1.32,1.0,8.3
P0350,37,Female,11.6,31.5,7.99,127.0,70.9,Control,8.01,126.0,73.7,136,0.02,-1.0,2.8
P0351,54,Male,4.2,31.0,6.5,145.0,99.1,Control,6.13,141.0,100.0,179,-0.37,-4.0,0.9
P0352,32,Male,13.7,27.3,6.93,153.0,68.1,AI_Assisted,6.31,154.0,80.4,107,-0.62,1.0,12.3
P0353,43,Female,8.0,31.1,9.21,133.0,53.4,AI_Assisted,8.24,114.0,77.2,119,-0.97,-19.0,23.8
P0354,50,Female,11.6,25.6,8.14,134.0,71.2,Control,8.34,141.0,76.4,153,0.2,7.0,5.2
P0355,74,Male,12.9,27.3,7.82,140.0,57.9,AI_Assisted,7.05,130.0,73.6,86,-0.77,-10.0,15.7
P0356,75,Male,15.0,32.9,7.3,148.0,44.1,AI_Assisted,7.42,142.0,52.6,132,0.12,-6.0,8.5
P0357,36,Female,4.1,32.4,7.94,140.0,75.5,AI_Assisted,8.25,127.0,80.5,166,0.31,-13.0,5.0
P0358,71,Female,5.0,24.1,8.56,155.0,81.8,Control,8.1,147.0,80.0,101,-0.46,-8.0,-1.8
P0359,34,Male,4.5,24.7,9.38,133.0,60.3,Control,8.16,140.0,54.9,161,-1.22,7.0,-5.4
P0360,64,Male,4.7,29.0,6.5,120.0,59.3,AI_Assisted,6.48,128.0,71.3,124,-0.02,8.0,12.0
P0361,68,Female,9.2,36.3,7.2,170.0,50.6,AI_Assisted,6.38,160.0,62.6,167,-0.82,-10.0,12.0
P0362,70,Female,14.9,19.9,8.39,131.0,62.8,Control,7.89,131.0,59.1,145,-0.5,0.0,-3.7
P0363,40,Female,14.9,29.8,8.08,131.0,56.6,AI_Assisted,7.2,121.0,64.7,99,-0.88,-10.0,8.1
P0364,71,Female,8.4,22.3,8.68,139.0,49.8,Control,8.33,149.0,43.9,155,-0.35,10.0,-5.9
P0365,35,Male,9.9,25.6,8.52,141.0,93.4,AI_Assisted,8.29,119.0,100.0,89,-0.23,-22.0,6.6
P0366,53,Female,13.0,26.9,7.83,134.0,72.0,AI_Assisted,7.01,132.0,86.2,107,-0.82,-2.0,14.2
P0367,51,Female,14.1,26.6,7.57,140.0,73.6,AI_Assisted,7.57,128.0,78.6,170,0.0,-12.0,5.0
P0368,44,Female,3.9,26.1,7.91,139.0,78.3,AI_Assisted,7.54,118.0,92.1,168,-0.37,-21.0,13.8
P0369,31,Male,8.4,28.5,9.58,143.0,76.6,Control,9.27,138.0,83.4,88,-0.31,-5.0,6.8
P0370,65,Male,12.7,26.1,7.32,105.0,58.8,AI_Assisted,6.21,113.0,71.1,120,-1.11,8.0,12.3
P0371,45,Female,5.2,21.9,8.12,168.0,69.1,Control,8.12,161.0,68.7,93,0.0,-7.0,-0.4
P0372,60,Male,7.2,32.0,8.42,138.0,61.0,AI_Assisted,7.74,133.0,78.8,110,-0.68,-5.0,17.8
P0373,48,Female,14.8,31.9,10.07,149.0,71.6,AI_Assisted,9.53,149.0,79.5,177,-0.54,0.0,7.9
P0374,47,Male,14.8,32.3,7.84,119.0,70.1,Control,7.55,117.0,64.9,102,-0.29,-2.0,-5.2
P0375,70,Female,13.7,21.6,9.35,133.0,59.3,Control,9.21,132.0,56.7,146,-0.14,-1.0,-2.6
P0376,34,Female,12.2,29.8,9.68,130.0,45.1,Control,9.68,116.0,49.8,162,0.0,-14.0,4.7
P0377,63,Male,4.8,31.5,8.12,162.0,67.2,Control,7.79,155.0,70.2,169,-0.33,-7.0,3.0
P0378,64,Male,5.5,23.9,7.95,131.0,61.9,Control,7.35,135.0,70.1,118,-0.6,4.0,8.2
P0379,47,Female,8.7,28.5,7.81,151.0,36.6,AI_Assisted,6.6,147.0,44.0,151,-1.21,-4.0,7.4
P0380,42,Female,8.9,28.0,7.89,130.0,72.6,AI_Assisted,7.38,124.0,80.4,130,-0.51,-6.0,7.8
P0381,30,Male,8.1,36.8,9.23,133.0,79.5,AI_Assisted,8.97,136.0,95.1,94,-0.26,3.0,15.6
P0382,73,Female,9.9,37.2,8.48,136.0,100.0,AI_Assisted,8.54,142.0,100.0,105,0.06,6.0,0.0
P0383,73,Female,6.7,21.0,8.48,159.0,59.1,AI_Assisted,7.43,155.0,71.9,156,-1.05,-4.0,12.8
P0384,41,Male,11.5,39.7,6.85,112.0,56.9,Control,6.44,121.0,59.6,150,-0.41,9.0,2.7
P0385,31,Male,5.7,24.4,7.04,120.0,48.4,AI_Assisted,6.02,111.0,51.4,134,-1.02,-9.0,3.0
P0386,35,Male,5.6,32.9,10.77,111.0,68.1,AI_Assisted,10.49,117.0,80.7,159,-0.28,6.0,12.6
P0387,33,Male,2.8,32.9,7.99,124.0,68.0,AI_Assisted,7.08,111.0,70.9,151,-0.91,-13.0,2.9
P0388,68,Male,3.6,24.0,7.27,128.0,52.8,AI_Assisted,6.36,122.0,65.9,116,-0.91,-6.0,13.1
P0389,71,Male,12.9,30.7,9.92,116.0,62.4,AI_Assisted,8.56,109.0,69.9,112,-1.36,-7.0,7.5
P0390,37,Female,7.2,28.0,8.54,129.0,35.3,AI_Assisted,8.25,125.0,45.3,175,-0.29,-4.0,10.0
P0391,64,Male,4.2,31.0,8.89,110.0,78.9,AI_Assisted,8.27,113.0,82.4,178,-0.62,3.0,3.5
P0392,38,Female,11.6,29.5,8.03,125.0,53.4,Control,7.6,126.0,52.4,86,-0.43,1.0,-1.0
P0393,46,Male,8.8,33.9,7.82,158.0,64.5,AI_Assisted,6.95,156.0,79.1,160,-0.87,-2.0,14.6
P0394,57,Male,1.3,28.8,8.0,146.0,43.6,Control,8.19,139.0,45.4,96,0.19,-7.0,1.8
P0395,63,Female,5.4,27.7,6.54,143.0,56.3,Control,5.99,135.0,63.0,167,-0.55,-8.0,6.7
P0396,70,Female,3.5,33.4,8.09,125.0,60.8,AI_Assisted,7.12,112.0,73.1,141,-0.97,-13.0,12.3
P0397,32,Male,10.2,31.1,8.56,117.0,64.8,Control,8.8,115.0,65.1,150,0.24,-2.0,0.3
P0398,39,Male,4.9,31.8,10.42,123.0,72.2,AI_Assisted,9.48,114.0,70.0,152,-0.94,-9.0,-2.2
P0399,42,Male,1.9,25.5,8.3,139.0,86.6,Control,8.33,130.0,92.8,142,0.03,-9.0,6.2
P0400,44,Male,1.8,23.8,6.5,153.0,76.0,AI_Assisted,6.47,153.0,88.6,108,-0.03,0.0,12.6
P0401,75,Male,9.1,25.9,8.09,154.0,79.4,Control,7.88,149.0,86.4,162,-0.21,-5.0,7.0
P0402,65,Male,1.3,25.7,11.49,149.0,86.7,AI_Assisted,10.47,158.0,96.0,137,-1.02,9.0,9.3
P0403,44,Male,12.9,32.0,9.24,129.0,73.5,Control,9.33,127.0,69.4,136,0.09,-2.0,-4.1
P0404,74,Male,3.2,32.9,7.23,140.0,64.4,Control,7.44,143.0,64.8,114,0.21,3.0,0.4
P0405,52,Female,9.5,27.8,8.91,135.0,80.1,Control,9.09,137.0,94.0,84,0.18,2.0,13.9
P0406,53,Female,7.2,34.9,7.31,137.0,81.1,AI_Assisted,6.39,119.0,93.8,137,-0.92,-18.0,12.7
P0407,49,Male,7.2,34.7,6.58,171.0,74.7,AI_Assisted,6.32,169.0,83.6,117,-0.26,-2.0,8.9
P0408,36,Male,2.0,29.6,7.78,114.0,43.2,AI_Assisted,6.9,119.0,54.4,147,-0.88,5.0,11.2
P0409,72,Male,12.2,24.8,8.31,136.0,52.4,Control,7.85,136.0,46.1,119,-0.46,0.0,-6.3
P0410,30,Male,13.5,35.6,6.5,158.0,60.9,Control,6.24,162.0,64.7,178,-0.26,4.0,3.8
P0411,38,Female,1.2,28.2,6.82,118.0,76.7,Control,6.91,121.0,77.0,150,0.09,3.0,0.3
P0412,40,Female,3.5,29.1,8.21,130.0,64.7,AI_Assisted,7.43,128.0,85.9,128,-0.78,-2.0,21.2
P0413,42,Female,13.7,27.0,7.71,132.0,82.1,AI_Assisted,7.15,129.0,100.0,152,-0.56,-3.0,17.9
P0414,36,Female,8.7,24.5,8.67,137.0,84.7,Control,8.76,139.0,85.3,146,0.09,2.0,0.6
P0415,30,Female,3.1,21.9,6.74,116.0,83.0,AI_Assisted,6.1,120.0,99.4,144,-0.64,4.0,16.4
P0416,61,Female,3.8,31.3,9.06,149.0,83.1,AI_Assisted,7.88,126.0,92.7,140,-1.18,-23.0,9.6
P0417,74,Male,10.2,25.0,6.78,150.0,49.4,Control,6.33,150.0,52.8,174,-0.45,0.0,3.4
P0418,35,Male,11.1,42.3,10.17,148.0,72.2,Control,10.11,145.0,70.8,114,-0.06,-3.0,-1.4
P0419,43,Male,9.4,23.6,6.5,127.0,55.9,Control,6.27,122.0,56.9,125,-0.23,-5.0,1.0
P0420,53,Female,14.3,22.8,6.89,141.0,40.3,Control,6.21,148.0,44.8,108,-0.68,7.0,4.5
P0421,72,Male,7.9,30.8,8.7,127.0,60.7,Control,8.8,120.0,58.1,139,0.1,-7.0,-2.6
P0422,61,Female,5.2,35.4,10.2,135.0,84.9,AI_Assisted,9.38,118.0,94.7,179,-0.82,-17.0,9.8
P0423,65,Female,7.7,28.8,8.58,172.0,71.9,Control,8.94,176.0,73.8,143,0.36,4.0,1.9
P0424,56,Male,6.0,31.1,8.88,141.0,95.3,AI_Assisted,7.76,120.0,100.0,104,-1.12,-21.0,4.7
P0425,49,Male,4.1,20.2,8.22,122.0,67.7,AI_Assisted,7.58,98.0,68.6,173,-0.64,-24.0,0.9
P0426,39,Male,1.6,25.5,6.97,143.0,100.0,AI_Assisted,6.14,142.0,100.0,160,-0.83,-1.0,0.0
P0427,69,Male,5.9,23.7,7.61,120.0,67.7,AI_Assisted,6.44,118.0,69.7,126,-1.17,-2.0,2.0
P0428,66,Female,11.0,20.0,6.75,122.0,65.3,Control,6.38,123.0,68.3,98,-0.37,1.0,3.0
P0429,31,Female,1.3,29.0,6.67,124.0,45.8,Control,7.09,119.0,47.4,123,0.42,-5.0,1.6
P0430,62,Female,7.1,19.0,8.68,133.0,81.7,Control,8.53,121.0,81.6,162,-0.15,-12.0,-0.1
P0431,33,Male,10.0,22.6,6.85,154.0,57.5,AI_Assisted,5.87,142.0,68.7,139,-0.98,-12.0,11.2
P0432,63,Male,9.5,26.1,8.58,149.0,55.3,AI_Assisted,7.67,138.0,63.6,102,-0.91,-11.0,8.3
P0433,67,Male,11.9,24.8,6.64,148.0,84.2,Control,5.84,137.0,85.3,99,-0.8,-11.0,1.1
P0434,36,Female,12.3,30.3,8.56,124.0,82.4,Control,8.17,124.0,86.1,177,-0.39,0.0,3.7
P0435,49,Female,11.0,29.9,7.61,132.0,82.0,AI_Assisted,6.51,117.0,88.2,127,-1.1,-15.0,6.2
P0436,35,Male,2.4,32.5,9.89,144.0,59.6,Control,9.61,143.0,60.4,150,-0.28,-1.0,0.8
P0437,56,Female,7.7,31.9,8.59,131.0,64.2,AI_Assisted,7.29,124.0,63.3,118,-1.3,-7.0,-0.9
P0438,72,Male,9.4,33.6,9.68,136.0,64.1,Control,9.45,137.0,60.9,92,-0.23,1.0,-3.2
P0439,33,Female,4.4,28.5,7.29,147.0,76.7,Control,7.45,148.0,81.6,123,0.16,1.0,4.9
P0440,48,Male,1.6,29.9,8.27,135.0,88.3,Control,8.64,131.0,88.8,151,0.37,-4.0,0.5
P0441,74,Male,4.1,30.8,7.02,143.0,70.5,Control,6.16,142.0,71.7,116,-0.86,-1.0,1.2
P0442,43,Female,7.4,29.1,7.7,164.0,94.6,Control,7.22,164.0,94.8,142,-0.48,0.0,0.2
P0443,36,Male,6.8,26.7,7.89,137.0,78.5,AI_Assisted,6.73,113.0,92.9,126,-1.16,-24.0,14.4
P0444,52,Male,3.5,27.0,7.33,158.0,61.5,Control,7.18,161.0,61.2,116,-0.15,3.0,-0.3
P0445,53,Male,12.5,24.8,6.74,148.0,77.4,AI_Assisted,5.37,139.0,88.6,108,-1.37,-9.0,11.2
P0446,60,Male,14.0,30.4,6.5,118.0,90.6,Control,6.89,120.0,85.6,109,0.39,2.0,-5.0
P0447,44,Female,3.8,28.1,6.5,123.0,95.0,Control,6.32,112.0,100.0,108,-0.18,-11.0,5.0
P0448,73,Female,14.0,25.5,6.93,127.0,82.8,Control,6.69,123.0,92.5,153,-0.24,-4.0,9.7
P0449,53,Female,1.3,25.5,8.95,127.0,65.4,Control,9.31,117.0,65.0,116,0.36,-10.0,-0.4
P0450,43,Male,13.9,23.1,6.5,139.0,61.7,Control,6.29,142.0,71.1,155,-0.21,3.0,9.4
P0451,74,Male,14.3,32.9,6.56,149.0,73.6,Control,6.5,137.0,80.3,114,-0.06,-12.0,6.7
P0452,72,Male,1.2,28.9,10.35,159.0,90.1,AI_Assisted,9.25,150.0,97.7,115,-1.1,-9.0,7.6
P0453,52,Male,11.7,24.6,7.44,145.0,71.5,AI_Assisted,6.05,144.0,82.1,173,-1.39,-1.0,10.6
P0454,31,Male,14.6,32.1,8.59,133.0,71.8,AI_Assisted,7.94,123.0,88.7,168,-0.65,-10.0,16.9
P0455,57,Female,13.7,26.0,8.97,109.0,65.8,Control,9.54,101.0,73.2,122,0.57,-8.0,7.4
P0456,55,Female,14.6,22.2,9.0,141.0,60.1,AI_Assisted,8.13,135.0,74.7,110,-0.87,-6.0,14.6
P0457,36,Female,8.7,33.1,6.5,140.0,62.6,AI_Assisted,5.82,142.0,63.6,153,-0.68,2.0,1.0
P0458,59,Male,2.1,26.1,7.92,143.0,67.0,Control,7.38,146.0,69.1,90,-0.54,3.0,2.1
P0459,68,Male,12.9,26.7,6.5,172.0,90.8,Control,6.62,176.0,100.0,128,0.12,4.0,9.2
P0460,34,Male,9.6,28.7,11.14,159.0,61.4,AI_Assisted,10.31,158.0,81.0,142,-0.83,-1.0,19.6
P0461,63,Male,9.6,33.6,6.5,152.0,65.8,AI_Assisted,5.13,144.0,66.0,149,-1.37,-8.0,0.2
P0462,36,Male,6.8,28.6,6.94,126.0,52.0,Control,6.54,119.0,57.7,94,-0.4,-7.0,5.7
P0463,64,Male,9.0,23.1,6.95,132.0,75.7,Control,7.43,131.0,80.1,84,0.48,-1.0,4.4
P0464,49,Male,3.2,30.9,6.5,139.0,85.5,AI_Assisted,6.6,126.0,91.6,110,0.1,-13.0,6.1
P0465,30,Female,11.4,26.3,9.82,128.0,89.4,Control,9.46,123.0,96.9,95,-0.36,-5.0,7.5
P0466,74,Male,2.1,37.0,11.11,148.0,68.1,AI_Assisted,10.04,147.0,79.8,133,-1.07,-1.0,11.7
P0467,37,Female,11.2,28.5,7.63,145.0,73.6,AI_Assisted,6.64,144.0,84.5,173,-0.99,-1.0,10.9
P0468,57,Male,12.9,19.0,6.62,124.0,62.7,AI_Assisted,5.84,124.0,80.5,111,-0.78,0.0,17.8
P0469,38,Female,7.6,30.1,6.5,158.0,72.9,AI_Assisted,6.1,166.0,85.1,128,-0.4,8.0,12.2
P0470,72,Male,8.1,37.3,7.91,142.0,69.7,Control,7.99,135.0,72.4,104,0.08,-7.0,2.7
P0471,63,Male,5.4,35.6,7.82,114.0,65.9,AI_Assisted,7.52,94.0,74.1,88,-0.3,-20.0,8.2
P0472,67,Male,14.6,36.7,7.42,139.0,67.1,AI_Assisted,6.42,139.0,73.4,152,-1.0,0.0,6.3
P0473,49,Male,11.3,23.9,8.47,144.0,71.8,AI_Assisted,7.89,131.0,80.7,108,-0.58,-13.0,8.9
P0474,51,Female,6.2,32.6,8.67,155.0,60.6,Control,8.22,151.0,68.4,137,-0.45,-4.0,7.8
P0475,59,Male,3.4,25.3,8.59,135.0,61.4,Control,8.58,121.0,60.1,150,-0.01,-14.0,-1.3
P0476,66,Female,4.1,29.5,7.82,152.0,90.6,Control,7.44,144.0,94.3,165,-0.38,-8.0,3.7
P0477,68,Male,7.5,22.8,6.88,143.0,100.0,Control,6.84,130.0,100.0,102,-0.04,-13.0,0.0
P0478,30,Male,14.2,25.6,9.0,120.0,46.9,AI_Assisted,8.38,111.0,59.4,140,-0.62,-9.0,12.5
P0479,60,Male,11.3,25.5,8.22,119.0,46.1,AI_Assisted,7.41,103.0,50.4,172,-0.81,-16.0,4.3
P0480,35,Male,4.0,32.5,9.27,157.0,50.6,AI_Assisted,8.93,148.0,64.5,130,-0.34,-9.0,13.9
P0481,43,Female,13.0,32.1,9.15,158.0,63.5,AI_Assisted,7.74,154.0,71.1,87,-1.41,-4.0,7.6
P0482,68,Female,6.3,29.7,6.5,145.0,78.4,Control,5.93,148.0,85.8,109,-0.57,3.0,7.4
P0483,41,Female,12.9,22.4,6.5,162.0,73.9,Control,6.21,149.0,74.2,161,-0.29,-13.0,0.3
P0484,66,Male,4.4,27.1,7.29,156.0,67.6,Control,6.58,158.0,73.9,160,-0.71,2.0,6.3
P0485,51,Male,9.7,25.1,6.93,150.0,72.9,Control,6.59,149.0,69.3,114,-0.34,-1.0,-3.6
P0486,40,Female,14.0,32.4,9.11,126.0,54.6,Control,8.78,123.0,48.6,103,-0.33,-3.0,-6.0
P0487,45,Male,4.6,33.8,8.62,166.0,61.3,Control,8.88,164.0,63.2,112,0.26,-2.0,1.9
P0488,54,Male,10.7,33.3,9.52,148.0,64.7,Control,9.37,147.0,59.9,107,-0.15,-1.0,-4.8
P0489,65,Male,14.8,25.1,8.68,134.0,41.2,AI_Assisted,8.6,122.0,56.2,155,-0.08,-12.0,15.0
P0490,57,Female,3.1,19.0,8.45,130.0,47.6,Control,8.36,127.0,43.0,165,-0.09,-3.0,-4.6
P0491,72,Female,2.2,20.5,9.64,144.0,48.2,Control,9.25,150.0,46.0,88,-0.39,6.0,-2.2
P0492,69,Female,10.4,34.9,8.76,115.0,76.5,Control,8.61,108.0,81.6,155,-0.15,-7.0,5.1
P0493,64,Female,5.8,26.7,8.28,150.0,68.7,AI_Assisted,7.77,130.0,74.8,156,-0.51,-20.0,6.1
P0494,57,Male,2.0,25.1,9.98,126.0,74.2,AI_Assisted,9.57,116.0,79.6,143,-0.41,-10.0,5.4
P0495,43,Female,7.7,35.9,8.34,146.0,37.4,Control,8.09,136.0,50.6,168,-0.25,-10.0,13.2
P0496,48,Male,11.6,34.2,7.83,132.0,42.7,Control,7.05,118.0,40.7,87,-0.78,-14.0,-2.0
P0497,35,Female,5.0,28.6,7.19,136.0,74.9,AI_Assisted,5.55,123.0,89.6,151,-1.64,-13.0,14.7
P0498,47,Male,5.7,27.2,9.04,129.0,25.0,AI_Assisted,8.11,132.0,34.1,96,-0.93,3.0,9.1
P0499,72,Female,12.8,27.9,9.68,138.0,83.4,AI_Assisted,8.24,138.0,98.5,171,-1.44,0.0,15.1
P0500,49,Male,8.3,29.5,8.14,168.0,37.7,AI_Assisted,8.43,161.0,49.8,132,0.29,-7.0,12.1
P0501,35,Male,12.8,35.7,9.77,161.0,77.7,AI_Assisted,9.44,139.0,89.1,92,-0.33,-22.0,11.4
P0502,59,Male,7.2,30.4,6.5,145.0,51.7,AI_Assisted,5.46,137.0,59.8,156,-1.04,-8.0,8.1
P0503,74,Male,14.3,31.8,8.13,140.0,80.7,Control,7.54,139.0,82.6,156,-0.59,-1.0,1.9
P0504,69,Male,10.1,33.8,8.15,153.0,100.0,AI_Assisted,7.59,144.0,100.0,129,-0.56,-9.0,0.0
P0505,42,Female,2.6,23.2,7.33,157.0,30.9,Control,6.74,156.0,28.1,114,-0.59,-1.0,-2.8
P0506,50,Male,13.4,31.9,11.06,128.0,75.4,AI_Assisted,10.15,126.0,88.1,85,-0.91,-2.0,12.7
P0507,54,Female,7.8,27.2,8.12,139.0,37.9,Control,7.65,130.0,37.1,172,-0.47,-9.0,-0.8
P0508,41,Male,3.0,19.0,7.71,113.0,71.4,Control,7.55,113.0,74.4,101,-0.16,0.0,3.0
P0509,42,Female,3.1,19.0,8.23,157.0,61.9,AI_Assisted,7.69,164.0,80.5,165,-0.54,7.0,18.6
P0510,40,Male,10.6,23.9,6.5,171.0,66.9,AI_Assisted,6.41,164.0,82.9,141,-0.09,-7.0,16.0
P0511,75,Female,1.7,30.9,7.29,141.0,51.3,Control,7.46,133.0,49.9,150,0.17,-8.0,-1.4
P0512,64,Female,5.0,29.0,9.38,108.0,76.7,AI_Assisted,8.8,101.0,87.8,151,-0.58,-7.0,11.1
P0513,68,Male,3.0,29.3,7.45,149.0,43.3,Control,7.61,153.0,44.2,167,0.16,4.0,0.9
P0514,67,Female,7.2,37.3,7.21,126.0,83.6,Control,6.78,115.0,81.7,87,-0.43,-11.0,-1.9
P0515,74,Male,6.8,22.8,9.77,130.0,58.9,AI_Assisted,8.47,128.0,70.4,180,-1.3,-2.0,11.5
P0516,34,Male,8.3,28.4,9.81,149.0,44.0,Control,9.38,142.0,43.1,88,-0.43,-7.0,-0.9
P0517,70,Female,4.9,29.9,8.82,144.0,88.9,Control,8.34,144.0,87.4,180,-0.48,0.0,-1.5
P0518,33,Female,1.4,25.2,7.65,133.0,64.0,AI_Assisted,6.75,123.0,68.5,109,-0.9,-10.0,4.5
P0519,51,Male,9.6,28.6,7.91,130.0,93.6,Control,7.37,124.0,100.0,166,-0.54,-6.0,6.4
P0520,57,Male,6.2,21.3,7.24,142.0,83.3,Control,6.88,151.0,87.4,92,-0.36,9.0,4.1
P0521,46,Female,10.1,34.8,7.01,134.0,53.0,Control,7.03,122.0,55.5,128,0.02,-12.0,2.5
P0522,36,Female,2.5,25.4,6.95,123.0,63.7,AI_Assisted,6.44,121.0,80.4,136,-0.51,-2.0,16.7
P0523,38,Female,1.2,37.6,7.46,135.0,66.8,Control,6.66,145.0,64.1,176,-0.8,10.0,-2.7
P0524,67,Male,4.5,28.4,6.96,145.0,87.9,Control,6.31,148.0,84.5,95,-0.65,3.0,-3.4
P0525,44,Female,7.4,33.1,6.5,137.0,71.6,AI_Assisted,5.32,127.0,85.1,87,-1.18,-10.0,13.5
P0526,44,Male,6.5,28.3,8.46,119.0,67.6,Control,8.53,108.0,73.3,146,0.07,-11.0,5.7
P0527,72,Female,12.3,28.4,8.48,155.0,62.0,Control,8.21,148.0,60.7,88,-0.27,-7.0,-1.3
P0528,36,Male,6.3,25.9,10.24,100.0,64.2,AI_Assisted,9.19,95.0,77.8,159,-1.05,-5.0,13.6
P0529,72,Female,8.4,29.0,7.4,133.0,84.6,AI_Assisted,6.6,128.0,88.0,87,-0.8,-5.0,3.4
P0530,72,Male,9.3,29.9,8.56,131.0,65.1,Control,8.69,120.0,63.7,178,0.13,-11.0,-1.4
P0531,57,Female,1.3,25.0,8.58,142.0,59.1,AI_Assisted,8.34,135.0,74.4,135,-0.24,-7.0,15.3
P0532,37,Female,8.2,27.9,7.9,148.0,56.5,AI_Assisted,6.79,133.0,64.0,175,-1.11,-15.0,7.5
P0533,37,Male,5.8,25.8,9.09,157.0,56.7,Control,8.98,154.0,70.1,96,-0.11,-3.0,13.4
P0534,43,Female,6.9,38.8,9.13,129.0,44.0,AI_Assisted,8.2,136.0,56.5,110,-0.93,7.0,12.5
P0535,56,Male,2.4,28.1,8.59,149.0,53.7,AI_Assisted,8.1,131.0,62.3,128,-0.49,-18.0,8.6
P0536,37,Female,12.0,35.5,7.89,143.0,87.5,AI_Assisted,7.01,129.0,99.1,86,-0.88,-14.0,11.6
P0537,50,Male,14.2,27.6,7.77,114.0,61.9,AI_Assisted,7.32,97.0,75.6,93,-0.45,-17.0,13.7
P0538,35,Male,1.3,29.7,6.56,169.0,75.6,AI_Assisted,6.28,168.0,82.8,115,-0.28,-1.0,7.2
P0539,54,Male,9.4,22.6,7.23,118.0,27.8,AI_Assisted,7.06,111.0,32.2,155,-0.17,-7.0,4.4
P0540,30,Male,11.7,26.5,7.45,146.0,73.5,AI_Assisted,7.08,130.0,85.4,152,-0.37,-16.0,11.9
P0541,62,Male,5.0,29.4,6.85,146.0,62.6,AI_Assisted,6.12,141.0,69.9,92,-0.73,-5.0,7.3
P0542,32,Female,12.0,35.6,8.73,144.0,57.8,AI_Assisted,8.13,135.0,68.5,89,-0.6,-9.0,10.7
P0543,38,Female,9.9,29.5,9.64,133.0,67.7,AI_Assisted,9.36,133.0,71.0,147,-0.28,0.0,3.3
P0544,38,Female,14.0,34.7,7.11,152.0,57.6,AI_Assisted,6.31,165.0,66.3,118,-0.8,13.0,8.7
P0545,68,Male,14.7,31.4,8.54,117.0,33.1,Control,9.25,119.0,28.9,160,0.71,2.0,-4.2
P0546,32,Male,1.6,35.8,6.96,139.0,78.8,Control,6.87,136.0,91.0,112,-0.09,-3.0,12.2
P0547,49,Male,7.2,28.2,7.83,132.0,68.6,AI_Assisted,7.18,119.0,74.7,119,-0.65,-13.0,6.1
P0548,57,Female,8.7,39.3,7.37,130.0,60.3,Control,7.27,119.0,56.3,105,-0.1,-11.0,-4.0
P0549,53,Female,3.1,26.3,8.92,146.0,50.5,AI_Assisted,8.02,144.0,60.6,109,-0.9,-2.0,10.1
P0550,61,Male,5.7,25.1,7.39,156.0,43.0,AI_Assisted,6.47,149.0,55.8,152,-0.92,-7.0,12.8
P0551,66,Female,14.8,23.1,9.41,135.0,68.4,AI_Assisted,8.77,125.0,80.4,129,-0.64,-10.0,12.0
P0552,48,Male,1.2,39.0,7.91,152.0,89.2,Control,7.89,158.0,87.0,147,-0.02,6.0,-2.2
P0553,68,Male,7.3,32.2,7.42,141.0,68.0,AI_Assisted,7.12,133.0,79.5,91,-0.3,-8.0,11.5
P0554,44,Male,12.8,27.0,6.7,127.0,44.3,Control,6.61,130.0,53.0,135,-0.09,3.0,8.7
P0555,75,Male,5.5,34.1,8.5,136.0,68.4,AI_Assisted,7.79,135.0,79.4,128,-0.71,-1.0,11.0
P0556,53,Female,7.7,31.6,9.27,136.0,64.2,Control,8.96,133.0,65.9,172,-0.31,-3.0,1.7
P0557,63,Female,14.7,37.3,8.53,130.0,78.0,AI_Assisted,7.5,115.0,89.0,125,-1.03,-15.0,11.0
P0558,70,Male,7.6,21.5,10.89,146.0,74.1,AI_Assisted,10.88,136.0,94.3,94,-0.01,-10.0,20.2
P0559,66,Male,2.8,27.3,9.92,144.0,25.0,AI_Assisted,9.11,140.0,28.6,151,-0.81,-4.0,3.6
P0560,69,Female,1.7,26.4,7.83,116.0,73.2,AI_Assisted,8.07,104.0,83.3,98,0.24,-12.0,10.1
P0561,54,Female,14.2,19.6,7.82,115.0,49.9,Control,7.72,116.0,51.6,172,-0.1,1.0,1.7
P0562,31,Female,4.7,33.3,8.76,146.0,43.7,Control,8.67,136.0,43.6,121,-0.09,-10.0,-0.1
P0563,52,Male,8.1,27.3,7.19,128.0,62.2,Control,6.95,131.0,65.0,160,-0.24,3.0,2.8
P0564,38,Female,2.3,31.8,9.6,145.0,71.2,AI_Assisted,8.52,137.0,86.9,147,-1.08,-8.0,15.7
P0565,70,Male,6.9,39.1,8.63,152.0,40.4,AI_Assisted,7.73,140.0,50.8,129,-0.9,-12.0,10.4
P0566,40,Female,14.0,26.9,8.51,121.0,75.6,Control,8.91,117.0,81.3,140,0.4,-4.0,5.7
P0567,40,Male,8.0,26.6,9.02,119.0,76.5,Control,8.86,124.0,74.7,101,-0.16,5.0,-1.8
P0568,41,Female,14.6,29.0,10.27,165.0,65.7,Control,10.46,154.0,63.9,91,0.19,-11.0,-1.8
P0569,59,Male,4.6,32.9,8.41,145.0,52.0,AI_Assisted,8.44,131.0,58.7,158,0.03,-14.0,6.7
P0570,56,Male,8.1,25.9,8.06,134.0,50.3,Control,7.72,132.0,47.5,176,-0.34,-2.0,-2.8
P0571,73,Female,13.0,25.7,10.01,126.0,80.4,Control,9.96,139.0,87.0,167,-0.05,13.0,6.6
P0572,49,Female,7.3,33.3,9.36,132.0,42.3,Control,9.18,125.0,45.2,113,-0.18,-7.0,2.9
P0573,42,Male,4.9,30.2,7.81,122.0,81.0,Control,7.2,123.0,74.9,118,-0.61,1.0,-6.1
P0574,32,Female,13.0,19.3,8.21,153.0,62.5,Control,7.95,153.0,66.0,118,-0.26,0.0,3.5
P0575,30,Female,6.5,23.0,8.43,128.0,63.6,Control,8.44,122.0,58.2,152,0.01,-6.0,-5.4
P0576,47,Male,8.4,35.3,8.63,156.0,39.4,AI_Assisted,8.01,144.0,48.2,144,-0.62,-12.0,8.8
P0577,72,Male,14.7,30.3,6.57,134.0,62.8,AI_Assisted,5.79,125.0,77.7,161,-0.78,-9.0,14.9
P0578,54,Male,3.6,25.1,6.5,124.0,74.2,Control,6.24,119.0,86.5,175,-0.26,-5.0,12.3
P0579,71,Female,5.2,27.7,7.14,134.0,45.0,AI_Assisted,7.55,118.0,62.4,122,0.41,-16.0,17.4
P0580,34,Male,1.4,28.6,7.04,101.0,72.5,Control,6.2,99.0,70.2,148,-0.84,-2.0,-2.3
P0581,34,Male,6.5,31.8,7.43,138.0,66.3,AI_Assisted,6.97,136.0,76.5,132,-0.46,-2.0,10.2
P0582,68,Female,3.8,22.4,8.96,137.0,55.3,AI_Assisted,8.32,133.0,66.3,176,-0.64,-4.0,11.0
P0583,34,Female,10.5,24.7,8.0,152.0,77.8,Control,7.58,158.0,74.7,118,-0.42,6.0,-3.1
P0584,32,Female,3.5,29.7,8.44,112.0,32.0,AI_Assisted,7.53,110.0,34.8,102,-0.91,-2.0,2.8
P0585,48,Female,10.4,28.1,6.73,157.0,70.2,AI_Assisted,6.39,149.0,74.6,120,-0.34,-8.0,4.4
P0586,72,Female,4.7,31.1,7.65,152.0,89.3,AI_Assisted,7.25,146.0,99.5,144,-0.4,-6.0,10.2
P0587,61,Female,6.0,23.0,8.9,159.0,86.6,Control,8.77,154.0,88.2,176,-0.13,-5.0,1.6
P0588,34,Female,5.9,30.1,8.91,139.0,70.8,Control,9.09,127.0,72.9,164,0.18,-12.0,2.1
P0589,68,Male,11.0,33.4,7.33,155.0,60.5,Control,7.57,151.0,63.3,85,0.24,-4.0,2.8
P0590,68,Male,7.5,30.7,8.39,118.0,55.5,AI_Assisted,8.17,114.0,63.9,133,-0.22,-4.0,8.4
P0591,66,Male,6.1,29.1,10.84,151.0,60.5,AI_Assisted,10.06,154.0,64.6,99,-0.78,3.0,4.1
P0592,71,Female,12.9,28.1,8.18,128.0,73.2,Control,8.15,130.0,70.9,119,-0.03,2.0,-2.3
P0593,41,Male,9.0,24.7,7.37,115.0,52.9,AI_Assisted,6.79,100.0,61.3,175,-0.58,-15.0,8.4
P0594,75,Male,4.0,28.2,7.99,123.0,76.4,Control,7.5,111.0,77.9,179,-0.49,-12.0,1.5
P0595,44,Female,13.6,34.2,8.31,140.0,97.0,Control,7.56,137.0,97.7,98,-0.75,-3.0,0.7
P0596,66,Male,5.8,28.0,8.02,128.0,64.1,AI_Assisted,6.67,120.0,64.6,97,-1.35,-8.0,0.5
P0597,56,Male,1.5,24.5,8.16,146.0,44.8,AI_Assisted,7.36,139.0,44.9,151,-0.8,-7.0,0.1
P0598,65,Female,7.9,26.3,6.5,113.0,44.8,AI_Assisted,6.07,103.0,54.8,123,-0.43,-10.0,10.0
P0599,58,Female,2.7,29.4,7.04,108.0,76.6,AI_Assisted,6.06,102.0,87.1,125,-0.98,-6.0,10.5
P0600,59,Male,4.3,26.8,8.02,161.0,64.1,AI_Assisted,7.99,164.0,76.1,168,-0.03,3.0,12.0
P0601,58,Male,11.5,30.7,8.0,154.0,78.2,AI_Assisted,7.4,135.0,85.5,173,-0.6,-19.0,7.3
P0602,65,Male,2.8,30.9,7.52,124.0,57.0,Control,7.79,133.0,58.2,171,0.27,9.0,1.2
P0603,63,Female,12.3,32.5,7.99,140.0,77.5,AI_Assisted,7.63,125.0,87.5,159,-0.36,-15.0,10.0
P0604,36,Female,14.1,34.9,8.27,155.0,62.6,AI_Assisted,7.09,158.0,70.4,179,-1.18,3.0,7.8
P0605,67,Male,9.5,33.0,9.27,146.0,54.0,Control,9.23,142.0,55.8,153,-0.04,-4.0,1.8
P0606,54,Female,10.9,24.3,8.08,142.0,59.0,Control,8.11,139.0,66.7,169,0.03,-3.0,7.7
P0607,44,Male,11.0,24.4,8.68,156.0,47.0,Control,8.29,152.0,49.6,136,-0.39,-4.0,2.6
P0608,53,Male,14.9,28.2,7.55,129.0,94.8,Control,6.85,129.0,95.3,88,-0.7,0.0,0.5
P0609,74,Female,5.8,26.5,8.89,140.0,63.6,AI_Assisted,8.18,138.0,72.6,163,-0.71,-2.0,9.0
P0610,69,Male,3.3,23.4,8.65,140.0,74.7,Control,8.1,145.0,70.9,174,-0.55,5.0,-3.8
P0611,68,Male,8.3,26.5,9.24,136.0,56.9,AI_Assisted,9.06,140.0,70.1,114,-0.18,4.0,13.2
P0612,51,Male,8.5,26.4,9.06,134.0,49.2,Control,8.72,134.0,44.5,125,-0.34,0.0,-4.7
P0613,66,Female,3.5,25.5,8.91,141.0,61.5,Control,9.31,151.0,59.4,139,0.4,10.0,-2.1
P0614,47,Female,9.6,27.1,8.08,141.0,81.5,Control,7.14,140.0,74.4,147,-0.94,-1.0,-7.1
P0615,61,Female,1.2,33.8,8.49,124.0,57.2,Control,8.34,130.0,59.3,149,-0.15,6.0,2.1
P0616,59,Male,14.0,29.4,9.48,152.0,51.9,AI_Assisted,9.71,151.0,59.0,122,0.23,-1.0,7.1
P0617,41,Male,4.7,39.6,7.42,125.0,67.3,Control,6.91,119.0,69.7,166,-0.51,-6.0,2.4
P0618,42,Female,1.6,29.3,7.45,137.0,72.5,Control,7.19,136.0,78.7,162,-0.26,-1.0,6.2
P0619,32,Male,2.5,27.2,8.42,136.0,89.6,Control,8.08,138.0,100.0,175,-0.34,2.0,10.4
P0620,36,Female,4.4,28.5,8.7,145.0,70.3,Control,8.26,143.0,75.3,139,-0.44,-2.0,5.0
P0621,49,Female,4.8,29.7,7.21,108.0,74.7,AI_Assisted,7.01,104.0,89.0,91,-0.2,-4.0,14.3
P0622,51,Male,1.5,30.5,8.11,153.0,75.8,AI_Assisted,7.21,153.0,81.5,166,-0.9,0.0,5.7
P0623,37,Female,4.9,37.8,8.09,130.0,47.7,Control,7.85,128.0,50.7,91,-0.24,-2.0,3.0
P0624,49,Male,3.7,24.7,6.5,158.0,50.6,AI_Assisted,6.27,132.0,65.3,102,-0.23,-26.0,14.7
P0625,57,Male,6.3,32.4,7.94,133.0,48.7,Control,7.66,143.0,48.9,111,-0.28,10.0,0.2
P0626,40,Female,6.4,29.4,8.01,139.0,45.0,AI_Assisted,7.08,130.0,51.1,101,-0.93,-9.0,6.1
P0627,45,Male,5.7,21.4,8.01,169.0,76.9,AI_Assisted,7.83,157.0,84.5,154,-0.18,-12.0,7.6
P0628,46,Female,5.6,32.0,9.9,136.0,69.4,Control,9.96,126.0,64.2,126,0.06,-10.0,-5.2
P0629,53,Female,2.3,34.2,6.74,159.0,66.2,AI_Assisted,5.58,148.0,76.7,105,-1.16,-11.0,10.5
P0630,46,Female,1.4,24.6,7.21,141.0,26.1,AI_Assisted,6.25,129.0,45.2,84,-0.96,-12.0,19.1
P0631,63,Female,3.8,28.5,6.5,146.0,95.8,Control,5.97,139.0,100.0,104,-0.53,-7.0,4.2
P0632,45,Male,11.6,20.7,7.62,141.0,51.6,AI_Assisted,7.12,136.0,62.8,151,-0.5,-5.0,11.2
P0633,49,Male,14.9,22.8,7.73,153.0,95.8,AI_Assisted,7.11,152.0,100.0,161,-0.62,-1.0,4.2
P0634,47,Female,14.0,33.2,7.59,130.0,43.3,Control,7.67,142.0,44.0,112,0.08,12.0,0.7
P0635,38,Female,8.1,26.4,9.53,125.0,52.8,AI_Assisted,8.64,130.0,69.6,91,-0.89,5.0,16.8
P0636,61,Male,8.4,23.5,9.23,130.0,32.0,AI_Assisted,7.99,130.0,36.8,138,-1.24,0.0,4.8
P0637,40,Male,5.4,29.5,8.29,141.0,70.4,AI_Assisted,8.19,131.0,78.6,159,-0.1,-10.0,8.2
P0638,43,Male,11.8,26.1,7.76,137.0,48.5,AI_Assisted,6.83,133.0,63.1,90,-0.93,-4.0,14.6
P0639,66,Male,11.7,26.4,9.43,151.0,48.9,AI_Assisted,8.85,141.0,58.3,161,-0.58,-10.0,9.4
P0640,73,Female,12.8,31.8,8.18,160.0,44.4,AI_Assisted,6.87,148.0,51.9,100,-1.31,-12.0,7.5
P0641,60,Male,13.5,23.3,7.22,125.0,76.7,AI_Assisted,6.63,113.0,91.7,109,-0.59,-12.0,15.0
P0642,72,Female,7.1,24.4,6.5,129.0,75.7,Control,6.65,133.0,77.8,144,0.15,4.0,2.1
P0643,69,Female,11.7,29.2,7.67,118.0,92.2,Control,7.22,124.0,100.0,88,-0.45,6.0,7.8
P0644,52,Female,12.3,32.9,9.11,170.0,54.7,AI_Assisted,8.51,163.0,65.8,113,-0.6,-7.0,11.1
P0645,65,Male,5.3,34.1,10.93,145.0,68.3,AI_Assisted,9.39,129.0,72.3,97,-1.54,-16.0,4.0
P0646,45,Male,14.0,25.5,8.27,147.0,45.7,Control,7.87,143.0,47.4,104,-0.4,-4.0,1.7
P0647,51,Female,2.3,32.7,7.28,120.0,60.0,AI_Assisted,6.61,104.0,70.6,159,-0.67,-16.0,10.6
P0648,54,Female,14.9,25.0,6.78,140.0,57.2,AI_Assisted,6.76,134.0,67.4,106,-0.02,-6.0,10.2
P0649,74,Male,11.8,36.7,8.86,148.0,72.0,AI_Assisted,7.84,143.0,77.2,88,-1.02,-5.0,5.2
P0650,69,Female,2.3,23.4,6.5,136.0,80.3,Control,6.53,132.0,82.1,104,0.03,-4.0,1.8
P0651,52,Male,10.2,34.5,8.86,156.0,79.9,AI_Assisted,8.57,151.0,84.6,92,-0.29,-5.0,4.7
P0652,60,Female,1.5,25.5,9.18,175.0,52.4,Control,8.73,176.0,45.6,144,-0.45,1.0,-6.8
P0653,39,Male,11.8,37.6,8.72,126.0,80.0,Control,8.39,126.0,81.8,178,-0.33,0.0,1.8
P0654,67,Male,12.2,31.2,7.94,125.0,64.3,AI_Assisted,7.85,105.0,69.2,100,-0.09,-20.0,4.9
P0655,55,Male,9.4,23.9,8.88,127.0,60.1,AI_Assisted,7.65,117.0,60.8,154,-1.23,-10.0,0.7
P0656,54,Male,13.0,26.1,8.41,164.0,54.4,Control,8.05,165.0,60.8,119,-0.36,1.0,6.4
P0657,65,Male,2.4,32.0,7.27,156.0,56.6,AI_Assisted,7.18,158.0,57.6,90,-0.09,2.0,1.0
P0658,59,Male,4.9,33.2,10.42,138.0,91.1,AI_Assisted,9.87,130.0,100.0,150,-0.55,-8.0,8.9
P0659,33,Male,6.8,28.2,7.78,141.0,69.6,Control,7.53,143.0,70.8,104,-0.25,2.0,1.2
P0660,43,Female,1.6,28.7,9.13,128.0,67.6,Control,8.97,132.0,77.3,133,-0.16,4.0,9.7
P0661,38,Male,7.3,31.9,6.5,153.0,61.1,AI_Assisted,5.87,146.0,62.1,133,-0.63,-7.0,1.0
P0662,63,Female,4.7,29.1,9.73,134.0,100.0,AI_Assisted,9.44,139.0,100.0,141,-0.29,5.0,0.0
P0663,31,Female,6.5,22.7,9.96,136.0,84.6,Control,9.57,142.0,91.4,97,-0.39,6.0,6.8
P0664,39,Male,7.0,24.8,8.24,149.0,54.2,AI_Assisted,8.48,152.0,58.2,108,0.24,3.0,4.0
P0665,57,Male,13.3,29.6,8.87,137.0,60.9,AI_Assisted,8.84,127.0,70.3,155,-0.03,-10.0,9.4
P0666,61,Female,4.8,34.0,8.87,136.0,61.8,AI_Assisted,8.58,141.0,77.9,174,-0.29,5.0,16.1
P0667,53,Female,13.5,35.8,7.43,140.0,67.2,AI_Assisted,6.14,127.0,80.2,85,-1.29,-13.0,13.0
P0668,69,Male,7.0,32.0,8.86,152.0,54.5,Control,8.3,165.0,57.2,124,-0.56,13.0,2.7
P0669,72,Female,5.6,29.8,7.23,165.0,71.6,Control,6.92,168.0,74.9,169,-0.31,3.0,3.3
P0670,36,Male,8.0,31.9,7.47,149.0,86.8,Control,7.29,156.0,92.3,111,-0.18,7.0,5.5
P0671,73,Male,6.8,25.5,9.55,152.0,45.3,AI_Assisted,8.52,143.0,51.5,127,-1.03,-9.0,6.2
P0672,58,Female,4.6,27.8,9.37,137.0,48.1,AI_Assisted,9.1,136.0,54.0,171,-0.27,-1.0,5.9
P0673,59,Male,8.0,24.8,7.35,129.0,57.8,AI_Assisted,7.26,130.0,68.2,177,-0.09,1.0,10.4
P0674,34,Female,3.1,22.9,7.32,150.0,58.4,Control,7.32,140.0,61.3,147,0.0,-10.0,2.9
P0675,58,Male,5.9,30.0,7.43,143.0,95.0,AI_Assisted,6.74,134.0,100.0,151,-0.69,-9.0,5.0
P0676,63,Female,8.9,29.3,9.08,119.0,80.0,Control,8.6,102.0,82.6,143,-0.48,-17.0,2.6
P0677,56,Male,6.8,31.6,7.0,135.0,79.2,Control,6.9,132.0,90.2,111,-0.1,-3.0,11.0
P0678,33,Male,12.5,31.0,8.63,139.0,61.0,Control,8.38,131.0,61.8,170,-0.25,-8.0,0.8
P0679,54,Male,4.6,29.6,9.1,132.0,60.7,AI_Assisted,8.8,127.0,71.4,87,-0.3,-5.0,10.7
P0680,73,Male,14.6,31.0,8.09,162.0,43.2,Control,8.1,180.0,37.7,89,0.01,18.0,-5.5
P0681,63,Female,12.0,28.3,9.41,147.0,76.7,AI_Assisted,9.16,150.0,88.7,142,-0.25,3.0,12.0
P0682,36,Male,14.5,30.4,7.83,161.0,72.4,AI_Assisted,6.78,147.0,86.5,165,-1.05,-14.0,14.1
P0683,74,Male,12.7,25.2,7.94,144.0,84.3,AI_Assisted,7.14,143.0,91.5,162,-0.8,-1.0,7.2
P0684,74,Male,3.0,30.2,7.03,141.0,61.8,Control,6.7,145.0,65.3,149,-0.33,4.0,3.5
P0685,37,Male,8.4,31.5,9.42,126.0,62.9,AI_Assisted,8.61,116.0,78.7,120,-0.81,-10.0,15.8
P0686,66,Female,3.4,25.5,7.28,140.0,67.6,AI_Assisted,6.65,134.0,72.1,118,-0.63,-6.0,4.5
P0687,48,Male,12.5,28.7,8.62,140.0,78.4,Control,8.76,140.0,87.0,125,0.14,0.0,8.6
P0688,57,Female,9.2,25.7,8.11,119.0,42.9,AI_Assisted,7.73,105.0,46.2,108,-0.38,-14.0,3.3
P0689,50,Male,4.7,26.1,6.94,132.0,76.0,AI_Assisted,6.55,122.0,84.3,124,-0.39,-10.0,8.3
P0690,66,Female,14.0,23.4,7.47,135.0,64.7,Control,7.23,134.0,66.9,94,-0.24,-1.0,2.2
P0691,75,Male,2.6,34.2,9.86,146.0,49.1,AI_Assisted,8.86,139.0,70.0,115,-1.0,-7.0,20.9
P0692,66,Male,8.9,33.3,8.44,147.0,33.7,Control,7.63,140.0,40.0,175,-0.81,-7.0,6.3
P0693,72,Female,11.1,30.9,6.99,131.0,63.0,Control,7.26,123.0,69.9,152,0.27,-8.0,6.9
P0694,73,Female,1.8,37.4,8.57,147.0,86.7,AI_Assisted,7.61,138.0,94.8,97,-0.96,-9.0,8.1
P0695,34,Female,9.4,27.6,8.02,137.0,90.1,Control,8.0,141.0,99.5,111,-0.02,4.0,9.4
P0696,41,Male,12.4,42.1,12.34,100.0,70.3,Control,12.38,97.0,83.0,109,0.04,-3.0,12.7
P0697,63,Male,1.9,27.5,8.54,133.0,94.4,Control,7.9,142.0,100.0,111,-0.64,9.0,5.6
P0698,57,Female,8.2,29.6,7.74,156.0,64.4,Control,7.22,149.0,68.5,151,-0.52,-7.0,4.1
P0699,32,Male,4.6,26.7,9.9,115.0,79.3,Control,10.24,114.0,75.4,170,0.34,-1.0,-3.9
P0700,34,Female,10.3,30.2,6.5,142.0,58.2,AI_Assisted,5.97,136.0,68.3,152,-0.53,-6.0,10.1
P0701,53,Female,2.7,32.3,8.31,164.0,57.3,Control,7.91,166.0,57.5,131,-0.4,2.0,0.2
P0702,58,Female,14.1,28.0,10.59,129.0,54.8,Control,10.35,122.0,58.9,99,-0.24,-7.0,4.1
P0703,37,Female,13.5,36.5,8.06,140.0,34.1,AI_Assisted,7.53,147.0,43.2,97,-0.53,7.0,9.1
P0704,37,Female,3.6,29.6,6.5,120.0,84.3,AI_Assisted,6.43,104.0,98.4,162,-0.07,-16.0,14.1
P0705,35,Male,5.5,29.7,7.72,164.0,55.4,Control,7.01,174.0,57.9,149,-0.71,10.0,2.5
P0706,55,Male,9.2,24.4,9.95,139.0,53.0,Control,10.32,138.0,60.7,133,0.37,-1.0,7.7
P0707,30,Female,11.1,30.4,8.65,141.0,47.3,Control,8.79,143.0,36.7,139,0.14,2.0,-10.6
P0708,56,Male,7.2,27.9,7.19,160.0,61.9,Control,6.94,167.0,65.8,166,-0.25,7.0,3.9
P0709,51,Male,3.2,25.8,7.38,150.0,91.5,Control,6.76,154.0,100.0,162,-0.62,4.0,8.5
P0710,51,Male,2.5,25.0,7.53,127.0,96.4,AI_Assisted,6.88,116.0,100.0,92,-0.65,-11.0,3.6
P0711,61,Female,15.0,40.5,8.63,130.0,40.1,AI_Assisted,8.01,125.0,51.0,122,-0.62,-5.0,10.9
P0712,54,Female,7.4,27.3,9.81,147.0,59.7,Control,9.1,158.0,71.1,88,-0.71,11.0,11.4
P0713,63,Female,13.2,21.9,9.46,131.0,49.5,AI_Assisted,8.44,118.0,55.8,121,-1.02,-13.0,6.3
P0714,65,Male,7.8,25.4,8.75,108.0,79.8,Control,9.64,121.0,82.8,145,0.89,13.0,3.0
P0715,72,Male,13.9,28.3,6.6,139.0,69.3,Control,6.41,140.0,74.9,104,-0.19,1.0,5.6
P0716,66,Male,2.2,31.0,6.61,118.0,55.5,Control,6.15,113.0,58.5,98,-0.46,-5.0,3.0
P0717,53,Male,2.6,31.0,8.84,164.0,66.1,Control,8.29,156.0,65.2,131,-0.55,-8.0,-0.9
P0718,52,Female,14.0,31.5,6.59,143.0,57.8,AI_Assisted,6.19,138.0,71.1,134,-0.4,-5.0,13.3
P0719,40,Female,14.3,25.6,7.93,126.0,89.2,Control,8.03,110.0,86.6,153,0.1,-16.0,-2.6
P0720,57,Male,5.4,30.0,8.56,130.0,73.2,AI_Assisted,8.43,118.0,79.5,85,-0.13,-12.0,6.3
P0721,36,Male,6.0,24.6,6.83,112.0,75.0,Control,6.72,108.0,78.1,108,-0.11,-4.0,3.1
P0722,72,Male,7.3,25.7,6.97,124.0,25.0,AI_Assisted,7.15,110.0,43.7,159,0.18,-14.0,18.7
P0723,68,Female,6.8,24.4,8.09,155.0,64.0,AI_Assisted,6.98,153.0,71.1,150,-1.11,-2.0,7.1
P0724,35,Female,3.7,23.2,8.8,173.0,96.2,Control,8.66,169.0,100.0,171,-0.14,-4.0,3.8
P0725,66,Male,13.6,33.3,9.47,151.0,84.9,Control,9.37,145.0,91.8,163,-0.1,-6.0,6.9
P0726,35,Female,4.5,31.6,8.93,139.0,37.3,AI_Assisted,8.86,127.0,45.6,165,-0.07,-12.0,8.3
P0727,63,Male,10.9,32.9,8.29,134.0,60.3,AI_Assisted,7.76,129.0,69.6,133,-0.53,-5.0,9.3
P0728,34,Male,1.9,28.7,7.3,126.0,47.0,Control,6.88,125.0,54.8,176,-0.42,-1.0,7.8
P0729,52,Female,1.5,32.0,6.91,171.0,90.7,AI_Assisted,6.0,155.0,98.4,124,-0.91,-16.0,7.7
P0730,60,Male,10.2,20.6,7.59,137.0,68.7,Control,6.8,136.0,74.4,171,-0.79,-1.0,5.7
P0731,63,Male,5.7,32.4,8.69,172.0,53.5,Control,7.68,170.0,64.6,122,-1.01,-2.0,11.1
P0732,49,Female,10.2,29.3,8.6,161.0,65.5,AI_Assisted,8.35,145.0,82.8,127,-0.25,-16.0,17.3
P0733,72,Male,2.3,31.3,6.5,114.0,25.9,Control,6.17,110.0,32.6,150,-0.33,-4.0,6.7
P0734,65,Female,14.3,30.2,7.26,130.0,48.7,Control,6.97,132.0,55.2,122,-0.29,2.0,6.5
P0735,39,Male,11.5,24.1,9.65,130.0,65.5,Control,9.74,132.0,79.8,98,0.09,2.0,14.3
P0736,60,Male,13.3,21.8,8.3,139.0,77.7,Control,8.59,135.0,69.0,170,0.29,-4.0,-8.7
P0737,63,Male,2.9,25.3,6.5,139.0,35.9,Control,6.49,142.0,36.6,127,-0.01,3.0,0.7
P0738,45,Male,5.5,31.0,11.03,185.0,59.3,Control,11.5,176.0,66.5,173,0.47,-9.0,7.2
P0739,63,Male,6.2,31.6,8.17,124.0,80.1,AI_Assisted,7.73,110.0,93.3,122,-0.44,-14.0,13.2
P0740,71,Male,8.5,22.3,8.66,143.0,43.2,AI_Assisted,8.1,130.0,56.6,178,-0.56,-13.0,13.4
P0741,67,Female,5.2,24.1,8.68,149.0,68.4,Control,8.56,157.0,71.2,142,-0.12,8.0,2.8
P0742,65,Male,1.8,25.2,7.76,140.0,66.0,Control,7.11,139.0,69.7,158,-0.65,-1.0,3.7
P0743,59,Male,6.2,26.9,7.33,142.0,90.7,AI_Assisted,6.94,139.0,100.0,157,-0.39,-3.0,9.3
P0744,42,Male,4.6,22.4,10.75,124.0,61.5,Control,9.69,133.0,61.9,103,-1.06,9.0,0.4
P0745,66,Male,6.4,22.1,9.4,142.0,62.4,Control,8.99,138.0,62.7,163,-0.41,-4.0,0.3
P0746,46,Male,3.8,24.8,9.19,148.0,77.8,AI_Assisted,8.46,158.0,74.8,175,-0.73,10.0,-3.0
P0747,54,Female,4.7,28.9,8.89,145.0,45.1,Control,8.41,139.0,44.2,148,-0.48,-6.0,-0.9
P0748,44,Male,9.8,23.2,7.0,149.0,61.7,AI_Assisted,6.13,129.0,74.3,175,-0.87,-20.0,12.6
P0749,44,Female,6.4,28.0,9.73,161.0,58.2,AI_Assisted,9.94,158.0,66.1,166,0.21,-3.0,7.9
P0750,37,Female,5.8,33.3,7.19,154.0,62.9,AI_Assisted,6.86,142.0,73.1,148,-0.33,-12.0,10.2
P0751,74,Male,8.5,22.6,8.54,141.0,77.7,Control,8.1,133.0,75.1,130,-0.44,-8.0,-2.6
P0752,36,Male,11.8,27.6,6.5,122.0,73.3,Control,6.14,138.0,67.8,167,-0.36,16.0,-5.5
P0753,33,Male,6.3,33.1,6.5,131.0,53.8,Control,5.85,131.0,56.8,101,-0.65,0.0,3.0
P0754,73,Female,9.2,26.6,8.58,137.0,67.1,AI_Assisted,8.46,134.0,82.7,138,-0.12,-3.0,15.6
P0755,55,Male,14.5,25.9,7.23,144.0,87.4,AI_Assisted,6.47,140.0,96.8,163,-0.76,-4.0,9.4
P0756,50,Female,8.3,33.7,6.5,133.0,52.5,AI_Assisted,5.15,127.0,61.5,175,-1.35,-6.0,9.0
P0757,63,Female,13.7,27.1,8.85,126.0,67.2,Control,8.69,131.0,72.3,109,-0.16,5.0,5.1
P0758,47,Female,12.1,33.5,10.74,122.0,62.1,AI_Assisted,10.27,101.0,70.5,93,-0.47,-21.0,8.4
P0759,35,Male,1.8,30.4,9.87,115.0,64.1,AI_Assisted,9.39,100.0,67.3,116,-0.48,-15.0,3.2
P0760,63,Female,7.0,27.0,7.89,136.0,40.5,AI_Assisted,7.4,127.0,51.6,167,-0.49,-9.0,11.1
P0761,38,Male,10.8,30.7,8.21,118.0,86.2,AI_Assisted,7.47,124.0,97.0,134,-0.74,6.0,10.8
P0762,55,Male,14.8,29.9,9.27,125.0,53.4,Control,9.77,120.0,55.9,89,0.5,-5.0,2.5
P0763,73,Male,7.4,33.1,9.55,134.0,80.4,Control,9.35,135.0,83.5,95,-0.2,1.0,3.1
P0764,73,Female,2.3,26.0,7.79,120.0,55.7,AI_Assisted,7.4,115.0,65.6,116,-0.39,-5.0,9.9
P0765,46,Female,8.9,28.7,8.24,146.0,55.6,Control,7.85,153.0,54.8,117,-0.39,7.0,-0.8
P0766,65,Female,2.8,28.2,8.56,151.0,83.2,Control,8.6,138.0,77.7,97,0.04,-13.0,-5.5
P0767,58,Male,11.5,31.7,8.86,132.0,79.9,Control,8.15,135.0,84.5,131,-0.71,3.0,4.6
P0768,52,Female,8.1,23.9,8.04,133.0,68.1,Control,7.68,130.0,60.9,130,-0.36,-3.0,-7.2
P0769,36,Male,11.1,33.1,8.06,148.0,76.4,AI_Assisted,7.36,150.0,84.5,103,-0.7,2.0,8.1
P0770,47,Male,13.2,30.6,9.86,129.0,60.7,Control,9.45,121.0,69.6,106,-0.41,-8.0,8.9
P0771,59,Female,9.8,22.6,9.65,128.0,64.9,Control,9.89,126.0,70.8,148,0.24,-2.0,5.9
P0772,75,Male,9.6,33.9,8.77,158.0,55.1,AI_Assisted,8.03,149.0,63.6,176,-0.74,-9.0,8.5
P0773,30,Male,11.6,38.6,10.26,153.0,78.6,AI_Assisted,10.09,134.0,87.8,180,-0.17,-19.0,9.2
P0774,63,Female,12.8,33.0,7.74,149.0,54.6,Control,8.07,138.0,69.7,138,0.33,-11.0,15.1
P0775,68,Male,13.2,34.9,10.15,154.0,87.3,Control,9.94,148.0,87.4,87,-0.21,-6.0,0.1
P0776,73,Male,1.5,28.9,8.85,110.0,60.3,Control,9.0,109.0,65.3,171,0.15,-1.0,5.0
P0777,49,Male,8.8,21.0,12.13,160.0,65.3,Control,12.12,153.0,66.1,176,-0.01,-7.0,0.8
P0778,35,Male,4.0,20.2,6.77,146.0,76.4,Control,6.61,142.0,84.2,110,-0.16,-4.0,7.8
P0779,42,Female,13.0,29.6,7.37,155.0,65.4,Control,7.43,140.0,68.1,122,0.06,-15.0,2.7
P0780,69,Female,10.1,25.8,8.7,146.0,60.5,AI_Assisted,8.64,134.0,63.7,86,-0.06,-12.0,3.2
P0781,70,Male,6.9,24.4,8.68,141.0,64.5,AI_Assisted,7.69,137.0,67.6,161,-0.99,-4.0,3.1
P0782,59,Male,3.6,28.2,10.54,136.0,78.4,AI_Assisted,9.88,130.0,82.3,159,-0.66,-6.0,3.9
P0783,35,Male,5.7,31.3,7.4,146.0,55.1,Control,6.84,143.0,61.1,86,-0.56,-3.0,6.0
P0784,35,Female,10.9,22.0,9.29,135.0,63.1,Control,9.44,135.0,65.9,152,0.15,0.0,2.8
P0785,51,Female,3.9,26.5,9.59,153.0,65.2,AI_Assisted,9.44,139.0,72.2,123,-0.15,-14.0,7.0
P0786,57,Female,2.3,35.3,9.05,116.0,78.0,AI_Assisted,7.9,127.0,85.6,136,-1.15,11.0,7.6
P0787,31,Male,13.4,23.7,7.05,132.0,63.5,AI_Assisted,5.49,137.0,72.4,105,-1.56,5.0,8.9
P0788,61,Male,11.7,32.4,9.89,171.0,92.1,Control,9.45,170.0,94.1,163,-0.44,-1.0,2.0
P0789,55,Male,3.8,26.3,9.68,131.0,62.7,Control,9.67,147.0,62.2,123,-0.01,16.0,-0.5
P0790,30,Female,5.1,31.0,8.92,136.0,61.4,AI_Assisted,8.17,127.0,68.7,165,-0.75,-9.0,7.3
P0791,34,Male,14.6,33.4,8.45,127.0,62.4,AI_Assisted,7.85,107.0,65.7,98,-0.6,-20.0,3.3
P0792,50,Female,10.9,31.8,8.47,145.0,45.3,Control,8.09,138.0,52.5,141,-0.38,-7.0,7.2
P0793,63,Female,9.5,32.6,8.11,129.0,49.4,AI_Assisted,8.28,121.0,65.3,114,0.17,-8.0,15.9
P0794,67,Male,5.3,23.3,8.97,137.0,57.0,AI_Assisted,8.45,152.0,67.5,177,-0.52,15.0,10.5
P0795,49,Male,5.2,33.5,8.24,153.0,82.0,AI_Assisted,7.9,142.0,88.3,138,-0.34,-11.0,6.3
P0796,43,Male,1.6,24.7,7.18,130.0,64.5,Control,7.04,122.0,71.7,153,-0.14,-8.0,7.2
P0797,74,Male,11.2,29.7,6.94,152.0,57.7,AI_Assisted,6.34,140.0,64.8,92,-0.6,-12.0,7.1
P0798,51,Male,1.6,29.7,7.3,152.0,83.4,AI_Assisted,7.19,155.0,100.0,149,-0.11,3.0,16.6
P0799,44,Female,1.1,30.7,8.47,156.0,88.3,Control,7.95,161.0,93.6,93,-0.52,5.0,5.3
P0800,50,Male,11.2,30.0,8.17,142.0,83.8,AI_Assisted,7.71,129.0,94.1,119,-0.46,-13.0,10.3
P0801,30,Male,14.3,24.7,8.46,189.0,52.2,AI_Assisted,7.84,167.0,54.7,105,-0.62,-22.0,2.5
P0802,43,Female,11.6,22.4,8.8,156.0,57.6,AI_Assisted,8.47,142.0,79.0,84,-0.33,-14.0,21.4
P0803,53,Female,7.6,32.4,7.45,145.0,92.2,Control,7.4,155.0,85.0,140,-0.05,10.0,-7.2
P0804,72,Male,7.8,29.3,9.96,127.0,68.6,AI_Assisted,8.77,124.0,77.0,107,-1.19,-3.0,8.4
P0805,63,Female,7.1,33.7,7.88,139.0,61.0,Control,7.4,137.0,61.3,133,-0.48,-2.0,0.3
P0806,65,Female,5.5,28.3,7.68,161.0,75.8,Control,7.33,172.0,70.0,158,-0.35,11.0,-5.8
P0807,55,Female,8.3,22.2,8.78,166.0,80.1,Control,8.65,178.0,82.3,101,-0.13,12.0,2.2
P0808,35,Female,7.0,32.8,6.5,162.0,56.4,Control,6.26,160.0,65.6,152,-0.24,-2.0,9.2
P0809,47,Male,9.4,26.8,7.25,152.0,68.3,Control,6.66,150.0,65.0,112,-0.59,-2.0,-3.3
P0810,75,Female,13.6,30.0,9.38,121.0,78.9,Control,8.78,115.0,93.6,116,-0.6,-6.0,14.7
P0811,32,Male,14.9,25.6,6.5,147.0,47.6,AI_Assisted,5.0,138.0,60.9,139,-1.5,-9.0,13.3
P0812,70,Female,2.1,35.9,9.54,121.0,65.2,Control,8.25,109.0,68.6,144,-1.29,-12.0,3.4
P0813,61,Female,6.4,24.6,10.01,118.0,48.3,AI_Assisted,9.2,94.0,59.7,147,-0.81,-24.0,11.4
P0814,43,Male,3.5,27.0,7.76,144.0,50.2,Control,8.37,130.0,53.4,102,0.61,-14.0,3.2
P0815,65,Male,5.9,29.0,8.55,148.0,56.6,AI_Assisted,8.79,149.0,65.3,140,0.24,1.0,8.7
P0816,68,Female,5.0,23.6,9.54,154.0,72.2,AI_Assisted,9.04,137.0,77.9,109,-0.5,-17.0,5.7
P0817,31,Female,3.4,30.0,7.64,147.0,60.2,AI_Assisted,7.19,150.0,74.2,110,-0.45,3.0,14.0
P0818,34,Male,11.7,35.8,9.24,148.0,55.3,AI_Assisted,8.29,133.0,72.7,175,-0.95,-15.0,17.4
P0819,60,Female,7.9,26.3,7.39,125.0,65.8,AI_Assisted,6.62,133.0,73.0,93,-0.77,8.0,7.2
P0820,75,Female,13.9,30.3,7.63,138.0,47.8,Control,7.01,133.0,55.6,124,-0.62,-5.0,7.8
P0821,31,Male,1.5,19.0,7.24,117.0,71.4,Control,6.96,104.0,83.5,126,-0.28,-13.0,12.1
P0822,60,Male,1.9,28.3,8.61,110.0,82.0,Control,8.35,117.0,90.6,107,-0.26,7.0,8.6
P0823,36,Male,6.6,27.1,9.59,151.0,63.8,Control,9.48,159.0,60.8,160,-0.11,8.0,-3.0
P0824,59,Female,2.1,24.8,7.98,129.0,62.0,Control,8.01,121.0,66.1,131,0.03,-8.0,4.1
P0825,58,Male,4.7,33.4,6.67,153.0,70.6,Control,6.35,149.0,64.2,153,-0.32,-4.0,-6.4
P0826,34,Female,14.8,27.0,6.9,157.0,34.6,AI_Assisted,6.32,142.0,33.9,121,-0.58,-15.0,-0.7
P0827,61,Male,3.9,27.7,8.67,131.0,73.1,AI_Assisted,7.33,127.0,90.1,170,-1.34,-4.0,17.0
P0828,71,Female,3.8,26.8,10.41,149.0,100.0,AI_Assisted,8.96,144.0,100.0,154,-1.45,-5.0,0.0
P0829,69,Male,9.0,19.9,8.67,130.0,63.2,AI_Assisted,7.53,120.0,73.1,116,-1.14,-10.0,9.9
P0830,31,Male,8.0,23.4,7.74,112.0,63.2,Control,7.77,97.0,68.4,177,0.03,-15.0,5.2
P0831,41,Female,9.1,32.8,9.12,142.0,76.2,Control,8.8,136.0,77.9,167,-0.32,-6.0,1.7
P0832,41,Male,6.3,19.0,7.91,133.0,89.7,AI_Assisted,6.63,131.0,99.7,141,-1.28,-2.0,10.0
P0833,50,Male,12.6,25.1,7.75,133.0,79.6,AI_Assisted,7.11,129.0,99.5,85,-0.64,-4.0,19.9
P0834,36,Female,2.9,26.7,7.05,170.0,32.7,Control,6.41,166.0,38.9,141,-0.64,-4.0,6.2
P0835,69,Female,7.0,36.3,9.89,117.0,73.5,Control,10.27,108.0,70.4,151,0.38,-9.0,-3.1
P0836,65,Female,10.7,32.0,6.5,146.0,100.0,Control,6.1,140.0,100.0,119,-0.4,-6.0,0.0
P0837,67,Male,13.2,26.0,9.16,125.0,74.3,Control,9.2,133.0,73.3,97,0.04,8.0,-1.0
P0838,39,Female,6.2,34.4,7.64,154.0,47.7,Control,7.82,144.0,59.4,138,0.18,-10.0,11.7
P0839,30,Female,8.9,25.2,7.71,144.0,69.2,Control,7.18,147.0,82.3,161,-0.53,3.0,13.1
P0840,71,Male,2.0,33.0,10.23,146.0,45.8,AI_Assisted,9.83,141.0,52.3,114,-0.4,-5.0,6.5
P0841,43,Male,3.4,22.4,7.34,126.0,83.5,AI_Assisted,7.08,121.0,100.0,128,-0.26,-5.0,16.5
P0842,60,Female,2.0,33.3,7.38,129.0,50.7,AI_Assisted,6.61,119.0,60.9,84,-0.77,-10.0,10.2
P0843,71,Male,11.2,26.7,8.04,154.0,66.1,AI_Assisted,7.41,144.0,81.6,152,-0.63,-10.0,15.5
P0844,31,Female,5.0,23.9,8.7,167.0,52.1,AI_Assisted,7.39,164.0,58.7,168,-1.31,-3.0,6.6
P0845,30,Female,11.1,27.5,7.67,147.0,56.8,Control,7.66,141.0,64.4,159,-0.01,-6.0,7.6
P0846,30,Female,1.9,29.7,6.5,127.0,87.3,AI_Assisted,5.4,124.0,98.7,125,-1.1,-3.0,11.4
P0847,37,Male,13.1,26.3,7.16,145.0,66.6,Control,7.08,146.0,68.1,88,-0.08,1.0,1.5
P0848,32,Male,12.7,31.0,9.74,176.0,56.6,AI_Assisted,9.54,188.0,67.3,131,-0.2,12.0,10.7
P0849,67,Male,2.2,25.9,8.29,142.0,47.8,Control,8.32,142.0,52.9,175,0.03,0.0,5.1
P0850,57,Male,1.3,31.3,8.74,162.0,36.9,AI_Assisted,8.19,141.0,46.9,92,-0.55,-21.0,10.0
P0851,75,Female,1.8,30.5,7.89,129.0,46.2,AI_Assisted,7.42,133.0,54.0,104,-0.47,4.0,7.8
P0852,66,Female,13.0,28.2,7.41,139.0,66.7,Control,7.45,136.0,75.6,165,0.04,-3.0,8.9
P0853,74,Male,4.3,26.5,10.21,149.0,79.7,Control,10.53,161.0,80.3,139,0.32,12.0,0.6
P0854,40,Male,8.7,29.2,7.97,146.0,56.6,Control,7.76,154.0,62.2,100,-0.21,8.0,5.6
P0855,43,Female,7.0,31.0,7.67,129.0,88.6,AI_Assisted,6.91,117.0,90.2,86,-0.76,-12.0,1.6
P0856,69,Male,12.1,37.8,9.52,128.0,54.2,AI_Assisted,8.97,133.0,55.6,123,-0.55,5.0,1.4
P0857,41,Male,7.8,32.7,7.33,155.0,61.4,Control,6.96,149.0,58.7,141,-0.37,-6.0,-2.7
P0858,32,Male,8.0,32.9,7.49,158.0,48.8,AI_Assisted,6.35,153.0,53.0,165,-1.14,-5.0,4.2
P0859,60,Female,14.8,42.4,8.21,163.0,79.9,Control,8.18,166.0,74.7,169,-0.03,3.0,-5.2
P0860,66,Male,3.1,30.8,8.2,167.0,96.5,Control,7.93,173.0,90.4,128,-0.27,6.0,-6.1
P0861,74,Female,12.6,30.7,8.51,142.0,38.6,Control,7.89,146.0,41.0,124,-0.62,4.0,2.4
P0862,72,Male,1.7,31.7,10.71,135.0,59.8,AI_Assisted,9.91,126.0,72.0,174,-0.8,-9.0,12.2
P0863,35,Female,7.7,24.0,8.6,160.0,84.0,Control,8.9,175.0,88.4,159,0.3,15.0,4.4
P0864,65,Male,13.4,26.5,6.5,151.0,43.3,Control,5.73,146.0,43.1,104,-0.77,-5.0,-0.2
P0865,68,Male,10.3,26.2,8.59,125.0,73.5,Control,8.75,112.0,85.9,150,0.16,-13.0,12.4
P0866,62,Male,10.6,31.4,8.25,124.0,83.3,AI_Assisted,6.78,106.0,95.4,153,-1.47,-18.0,12.1
P0867,67,Male,4.7,27.7,8.25,147.0,66.2,AI_Assisted,7.11,148.0,84.4,106,-1.14,1.0,18.2
P0868,68,Male,6.9,29.1,8.5,137.0,73.3,AI_Assisted,8.79,130.0,91.7,178,0.29,-7.0,18.4
P0869,50,Male,6.1,33.4,8.17,140.0,91.4,AI_Assisted,7.51,135.0,94.6,112,-0.66,-5.0,3.2
P0870,31,Male,8.3,32.4,8.14,156.0,94.2,AI_Assisted,7.35,142.0,100.0,137,-0.79,-14.0,5.8
P0871,50,Male,7.5,27.8,8.94,151.0,64.1,Control,9.01,146.0,69.3,131,0.07,-5.0,5.2
P0872,39,Female,5.6,25.5,7.55,160.0,57.0,AI_Assisted,5.96,148.0,74.6,151,-1.59,-12.0,17.6
P0873,35,Male,5.3,33.6,7.06,111.0,51.2,Control,6.89,112.0,45.1,171,-0.17,1.0,-6.1
P0874,35,Female,4.5,32.0,11.83,144.0,79.7,Control,11.65,141.0,73.8,122,-0.18,-3.0,-5.9
P0875,62,Female,6.1,21.3,7.34,150.0,44.4,Control,7.79,151.0,47.0,121,0.45,1.0,2.6
P0876,53,Male,3.1,27.1,8.32,117.0,61.2,Control,7.69,117.0,63.2,156,-0.63,0.0,2.0
P0877,54,Female,13.2,29.2,6.5,130.0,66.5,AI_Assisted,5.97,123.0,82.6,176,-0.53,-7.0,16.1
P0878,64,Female,9.4,32.0,8.34,127.0,57.5,AI_Assisted,7.36,118.0,73.3,172,-0.98,-9.0,15.8
P0879,55,Female,2.9,32.6,7.08,140.0,69.2,AI_Assisted,6.01,131.0,81.5,157,-1.07,-9.0,12.3
P0880,58,Male,10.7,29.8,7.67,164.0,100.0,Control,7.86,183.0,96.8,152,0.19,19.0,-3.2
P0881,33,Male,12.9,31.1,9.45,170.0,63.2,AI_Assisted,8.81,167.0,77.0,158,-0.64,-3.0,13.8
P0882,69,Male,4.3,28.8,8.77,128.0,58.5,AI_Assisted,7.71,130.0,72.6,174,-1.06,2.0,14.1
P0883,50,Male,3.1,25.5,8.88,148.0,80.2,Control,8.5,141.0,85.1,85,-0.38,-7.0,4.9
P0884,37,Female,1.1,27.3,6.5,148.0,68.6,AI_Assisted,5.59,141.0,76.8,141,-0.91,-7.0,8.2
P0885,67,Female,1.7,28.6,10.4,146.0,86.6,AI_Assisted,9.63,135.0,100.0,87,-0.77,-11.0,13.4
P0886,63,Male,11.7,28.3,6.77,146.0,67.5,Control,6.13,135.0,63.2,139,-0.64,-11.0,-4.3
P0887,32,Female,14.8,20.0,10.03,145.0,61.3,AI_Assisted,9.33,132.0,67.6,122,-0.7,-13.0,6.3
P0888,38,Male,1.6,26.7,9.43,165.0,38.2,AI_Assisted,8.35,166.0,46.9,113,-1.08,1.0,8.7
P0889,30,Female,11.5,28.8,8.89,157.0,40.7,Control,8.42,161.0,44.8,170,-0.47,4.0,4.1
P0890,42,Male,2.0,27.2,7.17,124.0,37.5,Control,7.02,115.0,32.3,152,-0.15,-9.0,-5.2
P0891,34,Female,9.3,27.4,8.38,152.0,70.7,AI_Assisted,8.32,141.0,78.1,139,-0.06,-11.0,7.4
P0892,62,Female,11.6,30.7,7.63,153.0,44.6,AI_Assisted,6.71,150.0,64.0,169,-0.92,-3.0,19.4
P0893,54,Male,6.0,23.6,8.23,145.0,83.8,AI_Assisted,7.59,136.0,95.9,93,-0.64,-9.0,12.1
P0894,75,Male,1.2,21.2,7.9,157.0,65.5,AI_Assisted,8.57,150.0,78.2,146,0.67,-7.0,12.7
P0895,64,Female,9.3,26.9,6.5,143.0,61.3,AI_Assisted,6.63,142.0,80.1,99,0.13,-1.0,18.8
P0896,58,Male,14.9,31.9,9.55,143.0,52.3,AI_Assisted,8.52,136.0,60.1,106,-1.03,-7.0,7.8
P0897,53,Male,4.6,36.1,8.1,142.0,74.3,AI_Assisted,6.93,133.0,83.9,101,-1.17,-9.0,9.6
P0898,32,Female,3.7,32.0,7.62,110.0,52.9,AI_Assisted,6.9,99.0,56.6,136,-0.72,-11.0,3.7
P0899,33,Female,2.7,21.9,7.53,139.0,50.2,Control,7.7,133.0,51.8,145,0.17,-6.0,1.6
P0900,58,Male,8.8,27.5,8.63,130.0,82.8,AI_Assisted,7.93,112.0,85.4,157,-0.7,-18.0,2.6
P0901,30,Male,9.4,29.7,7.13,122.0,70.3,AI_Assisted,6.47,108.0,84.0,126,-0.66,-14.0,13.7
P0902,31,Male,12.1,29.3,6.5,162.0,61.5,AI_Assisted,6.51,160.0,73.6,175,0.01,-2.0,12.1
P0903,40,Female,11.5,30.9,8.69,148.0,74.6,AI_Assisted,7.75,145.0,83.2,120,-0.94,-3.0,8.6
P0904,70,Male,13.5,24.4,8.82,140.0,65.1,AI_Assisted,8.69,128.0,74.6,99,-0.13,-12.0,9.5
P0905,51,Male,12.3,28.8,7.96,132.0,70.7,Control,7.94,132.0,73.1,87,-0.02,0.0,2.4
P0906,62,Male,4.5,30.4,6.82,144.0,52.7,Control,6.41,147.0,71.0,96,-0.41,3.0,18.3
P0907,48,Female,8.8,32.2,8.31,155.0,96.1,Control,8.48,140.0,92.4,127,0.17,-15.0,-3.7
P0908,37,Male,5.2,24.9,6.5,128.0,56.3,Control,6.0,124.0,58.7,124,-0.5,-4.0,2.4
P0909,47,Female,5.6,26.9,6.97,140.0,88.3,Control,7.24,150.0,84.2,166,0.27,10.0,-4.1
P0910,34,Female,14.0,19.0,7.3,153.0,62.2,Control,6.89,155.0,63.3,96,-0.41,2.0,1.1
P0911,65,Female,10.5,25.7,9.21,111.0,77.1,Control,8.84,96.0,78.4,109,-0.37,-15.0,1.3
P0912,38,Female,14.6,26.1,7.76,139.0,76.0,Control,7.18,142.0,83.2,179,-0.58,3.0,7.2
P0913,47,Female,6.8,23.9,7.66,134.0,82.2,AI_Assisted,6.83,127.0,86.4,86,-0.83,-7.0,4.2
P0914,75,Female,8.5,29.2,10.55,138.0,52.4,AI_Assisted,9.73,136.0,69.6,125,-0.82,-2.0,17.2
P0915,57,Male,7.8,28.2,8.62,132.0,81.1,Control,7.57,125.0,81.9,103,-1.05,-7.0,0.8
P0916,51,Female,2.5,19.0,8.61,142.0,92.7,Control,8.33,140.0,88.7,135,-0.28,-2.0,-4.0
P0917,54,Male,4.3,29.5,7.76,169.0,61.1,Control,7.38,163.0,60.8,178,-0.38,-6.0,-0.3
P0918,66,Male,8.4,24.3,7.48,135.0,65.5,Control,7.56,133.0,66.6,106,0.08,-2.0,1.1
P0919,41,Female,1.9,30.7,6.5,144.0,57.1,Control,6.45,138.0,60.5,119,-0.05,-6.0,3.4
P0920,59,Female,14.0,22.7,9.36,170.0,59.8,Control,8.91,166.0,65.6,127,-0.45,-4.0,5.8
P0921,70,Female,2.7,28.6,8.74,132.0,90.7,Control,8.38,122.0,92.5,161,-0.36,-10.0,1.8
P0922,56,Male,3.8,27.2,7.99,167.0,49.9,AI_Assisted,7.47,164.0,54.7,179,-0.52,-3.0,4.8
P0923,50,Male,11.7,29.9,8.04,140.0,50.9,AI_Assisted,7.75,128.0,58.0,93,-0.29,-12.0,7.1
P0924,36,Male,2.4,29.1,9.08,167.0,89.2,AI_Assisted,8.43,145.0,100.0,131,-0.65,-22.0,10.8
P0925,41,Male,13.6,27.4,6.5,151.0,74.4,Control,6.05,156.0,73.9,157,-0.45,5.0,-0.5
P0926,73,Male,11.2,21.6,7.49,145.0,96.8,Control,6.89,142.0,100.0,84,-0.6,-3.0,3.2
P0927,54,Male,2.0,21.9,6.84,139.0,58.2,AI_Assisted,5.45,136.0,67.4,162,-1.39,-3.0,9.2
P0928,43,Male,10.7,25.9,10.33,131.0,66.9,Control,10.24,134.0,69.0,107,-0.09,3.0,2.1
P0929,49,Female,9.8,28.5,9.25,141.0,55.1,AI_Assisted,8.73,135.0,67.1,134,-0.52,-6.0,12.0
P0930,56,Male,11.6,25.8,6.5,153.0,67.1,AI_Assisted,6.15,156.0,84.5,178,-0.35,3.0,17.4
P0931,54,Female,12.6,31.3,6.5,140.0,38.4,AI_Assisted,6.45,128.0,54.6,145,-0.05,-12.0,16.2
P0932,62,Female,11.1,27.2,8.04,135.0,75.3,Control,8.68,140.0,76.7,179,0.64,5.0,1.4
P0933,41,Male,9.2,24.2,7.63,136.0,69.9,AI_Assisted,6.77,131.0,74.0,142,-0.86,-5.0,4.1
P0934,59,Male,5.5,27.2,6.61,155.0,64.1,Control,6.32,157.0,69.9,104,-0.29,2.0,5.8
P0935,50,Male,10.8,29.5,10.53,158.0,59.1,Control,9.87,159.0,64.6,151,-0.66,1.0,5.5
P0936,73,Female,14.4,30.0,8.58,130.0,51.6,Control,8.62,137.0,52.9,143,0.04,7.0,1.3
P0937,37,Male,9.2,37.0,8.77,130.0,75.9,AI_Assisted,8.36,130.0,80.2,114,-0.41,0.0,4.3
P0938,36,Male,10.3,25.5,7.37,146.0,47.4,AI_Assisted,6.97,132.0,62.1,91,-0.4,-14.0,14.7
P0939,51,Female,7.1,28.2,9.07,163.0,72.7,Control,8.47,157.0,71.9,146,-0.6,-6.0,-0.8
P0940,53,Female,11.6,30.4,7.74,157.0,96.1,Control,7.66,155.0,100.0,140,-0.08,-2.0,3.9
P0941,61,Male,15.0,28.4,7.86,121.0,87.3,AI_Assisted,6.94,110.0,100.0,159,-0.92,-11.0,12.7
P0942,48,Male,3.2,26.2,8.93,136.0,42.4,AI_Assisted,8.41,123.0,54.7,96,-0.52,-13.0,12.3
P0943,72,Male,3.8,21.5,6.5,126.0,56.9,Control,6.06,109.0,60.3,136,-0.44,-17.0,3.4
P0944,51,Male,8.6,26.2,10.12,136.0,71.3,Control,10.34,123.0,76.9,163,0.22,-13.0,5.6
P0945,35,Male,7.7,23.7,8.42,164.0,63.9,AI_Assisted,8.61,171.0,84.1,170,0.19,7.0,20.2
P0946,35,Female,9.0,20.7,9.74,119.0,44.0,AI_Assisted,8.66,104.0,53.9,175,-1.08,-15.0,9.9
P0947,74,Female,1.7,24.9,6.91,116.0,70.8,AI_Assisted,6.72,125.0,87.8,104,-0.19,9.0,17.0
P0948,36,Male,6.7,23.8,7.09,128.0,64.8,Control,5.88,129.0,74.2,100,-1.21,1.0,9.4
P0949,73,Female,9.2,31.1,6.81,144.0,93.7,Control,6.84,142.0,98.8,139,0.03,-2.0,5.1
P0950,42,Male,9.2,31.2,8.5,149.0,61.2,Control,7.65,136.0,58.2,128,-0.85,-13.0,-3.0
P0951,34,Female,10.2,24.4,8.28,147.0,82.5,Control,7.9,145.0,81.6,106,-0.38,-2.0,-0.9
P0952,44,Female,11.1,27.3,7.64,158.0,46.0,AI_Assisted,6.46,165.0,63.3,93,-1.18,7.0,17.3
P0953,58,Female,10.0,20.1,6.98,114.0,49.6,Control,6.7,123.0,56.0,97,-0.28,9.0,6.4
P0954,49,Female,12.1,26.3,6.68,158.0,75.8,AI_Assisted,6.73,154.0,88.5,116,0.05,-4.0,12.7
P0955,66,Male,9.7,30.3,8.14,135.0,81.3,AI_Assisted,7.01,120.0,90.7,155,-1.13,-15.0,9.4
P0956,58,Male,8.5,32.2,7.64,151.0,50.6,AI_Assisted,7.17,135.0,55.4,90,-0.47,-16.0,4.8
P0957,48,Male,9.5,25.3,7.38,120.0,65.4,AI_Assisted,6.24,111.0,76.7,94,-1.14,-9.0,11.3
P0958,59,Male,2.4,33.2,10.06,140.0,44.3,AI_Assisted,9.68,143.0,47.6,109,-0.38,3.0,3.3
P0959,74,Female,4.8,21.7,8.1,144.0,62.3,Control,8.05,153.0,60.8,168,-0.05,9.0,-1.5
P0960,48,Male,8.4,22.9,9.72,157.0,77.6,Control,9.11,156.0,88.1,180,-0.61,-1.0,10.5
P0961,37,Female,13.2,31.7,7.56,116.0,58.5,Control,7.2,112.0,71.8,126,-0.36,-4.0,13.3
P0962,48,Male,10.5,36.0,8.49,140.0,61.3,AI_Assisted,8.06,146.0,70.9,88,-0.43,6.0,9.6
P0963,68,Male,2.3,30.7,8.13,124.0,48.1,AI_Assisted,7.96,109.0,53.0,85,-0.17,-15.0,4.9
P0964,40,Male,9.3,28.3,6.5,148.0,55.3,Control,5.98,146.0,57.2,167,-0.52,-2.0,1.9
P0965,73,Female,4.1,19.0,9.91,152.0,91.4,Control,9.62,153.0,96.8,127,-0.29,1.0,5.4
P0966,57,Female,11.3,19.4,8.04,159.0,66.1,Control,7.76,151.0,61.3,91,-0.28,-8.0,-4.8
P0967,57,Male,12.6,29.1,9.1,132.0,50.0,Control,8.71,126.0,50.1,164,-0.39,-6.0,0.1
P0968,44,Male,9.3,26.9,7.3,154.0,60.3,AI_Assisted,5.88,132.0,67.6,135,-1.42,-22.0,7.3
P0969,72,Female,9.3,23.5,8.0,160.0,41.0,Control,7.56,168.0,38.8,117,-0.44,8.0,-2.2
P0970,31,Male,5.7,28.8,7.16,115.0,49.8,AI_Assisted,7.42,124.0,56.9,127,0.26,9.0,7.1
P0971,43,Female,7.2,29.0,9.68,149.0,85.4,AI_Assisted,8.83,142.0,94.5,105,-0.85,-7.0,9.1
P0972,49,Male,13.1,32.7,8.57,154.0,62.9,Control,8.33,150.0,67.3,174,-0.24,-4.0,4.4
P0973,51,Male,11.1,29.1,8.64,136.0,93.4,Control,8.49,130.0,93.3,160,-0.15,-6.0,-0.1
P0974,51,Male,8.3,34.0,9.83,122.0,63.6,AI_Assisted,10.19,113.0,77.2,103,0.36,-9.0,13.6
P0975,36,Male,6.2,28.5,9.59,154.0,64.5,AI_Assisted,8.77,147.0,77.4,155,-0.82,-7.0,12.9
P0976,40,Male,1.7,28.0,9.12,122.0,74.6,Control,9.3,119.0,87.4,101,0.18,-3.0,12.8
P0977,34,Male,3.0,33.3,6.5,137.0,25.0,Control,6.09,138.0,27.4,127,-0.41,1.0,2.4
P0978,56,Female,3.7,24.1,7.37,139.0,68.1,AI_Assisted,6.64,129.0,84.6,156,-0.73,-10.0,16.5
P0979,46,Male,6.2,41.2,7.0,151.0,64.3,AI_Assisted,6.58,140.0,73.7,87,-0.42,-11.0,9.4
P0980,56,Male,14.2,30.2,9.07,131.0,87.3,AI_Assisted,7.99,124.0,93.0,154,-1.08,-7.0,5.7
P0981,57,Male,8.1,30.2,8.4,130.0,79.5,AI_Assisted,7.9,125.0,100.0,105,-0.5,-5.0,20.5
P0982,62,Male,4.3,30.9,6.53,141.0,48.0,AI_Assisted,6.21,135.0,50.4,151,-0.32,-6.0,2.4
P0983,55,Female,2.5,36.9,7.97,155.0,83.6,Control,7.49,158.0,92.0,132,-0.48,3.0,8.4
P0984,59,Male,5.7,32.1,6.5,174.0,61.1,AI_Assisted,5.91,150.0,73.9,86,-0.59,-24.0,12.8
P0985,57,Female,12.4,21.3,8.14,117.0,51.4,Control,8.19,126.0,53.9,157,0.05,9.0,2.5
P0986,60,Male,6.4,34.8,6.5,145.0,68.0,AI_Assisted,5.68,139.0,78.9,109,-0.82,-6.0,10.9
P0987,58,Female,11.8,27.0,8.83,124.0,62.0,AI_Assisted,8.5,121.0,77.0,176,-0.33,-3.0,15.0
P0988,44,Male,12.2,29.0,8.65,155.0,88.1,AI_Assisted,7.67,152.0,88.1,165,-0.98,-3.0,0.0
P0989,41,Female,2.6,22.7,10.49,126.0,70.1,AI_Assisted,9.73,120.0,77.6,102,-0.76,-6.0,7.5
P0990,66,Male,9.5,30.9,9.22,130.0,68.1,AI_Assisted,7.82,117.0,68.7,142,-1.4,-13.0,0.6
P0991,45,Male,14.4,25.6,7.69,131.0,78.5,AI_Assisted,6.59,118.0,92.4,119,-1.1,-13.0,13.9
P0992,55,Female,6.6,29.0,9.18,139.0,81.4,AI_Assisted,8.65,133.0,83.7,142,-0.53,-6.0,2.3
P0993,39,Female,1.7,27.2,6.52,145.0,76.8,AI_Assisted,6.07,143.0,80.4,138,-0.45,-2.0,3.6
P0994,49,Female,13.9,37.2,7.05,147.0,86.3,Control,7.05,141.0,91.5,112,0.0,-6.0,5.2
P0995,54,Male,13.4,37.4,8.6,140.0,74.1,Control,8.79,142.0,79.3,147,0.19,2.0,5.2
P0996,58,Female,8.3,28.7,6.5,120.0,67.5,AI_Assisted,5.45,95.0,76.7,109,-1.05,-25.0,9.2
P0997,54,Female,8.7,28.8,8.16,151.0,83.6,AI_Assisted,7.38,138.0,96.5,172,-0.78,-13.0,12.9
P0998,46,Female,4.0,26.8,6.98,139.0,63.6,AI_Assisted,6.74,145.0,76.3,175,-0.24,6.0,12.7
P0999,74,Male,12.5,33.5,8.32,157.0,65.5,AI_Assisted,7.2,151.0,74.4,100,-1.12,-6.0,8.9
P1000,53,Female,8.0,27.0,6.91,129.0,90.8,Control,7.05,121.0,100.0,154,0.14,-8.0,9.2
